id,disaster_type,affected_people,location_risk_score,medical_needed,water_needed,food_needed,vulnerable_population,time_elapsed_hours,priority
REQ-10001,cyclone,4,2.5,0,1,1,1,23.8,critical
REQ-10002,cyclone,2,4.45,0,0,0,1,9.2,medium
REQ-10003,tsunami,13,9.22,0,1,0,1,35.2,critical
REQ-10004,earthquake,1,6.33,0,0,1,1,17.4,high
REQ-10005,flood,6,1.26,1,1,1,1,33.5,critical
REQ-10006,cyclone,4,8.75,1,0,1,1,50.9,critical
REQ-10007,landslide,2,5.84,0,1,0,0,33.3,high
REQ-10008,flood,35,5.1,0,1,1,0,7.7,critical
REQ-10009,landslide,44,3.78,0,0,1,0,68.4,high
REQ-10010,landslide,7,6.25,1,1,1,1,30.2,critical
REQ-10011,wildfire,21,7.99,0,1,1,0,38.7,high
REQ-10012,earthquake,5,5.99,0,0,0,0,9.7,medium
REQ-10013,wildfire,2,5.93,1,0,0,0,57.2,high
REQ-10014,landslide,3,1.44,0,1,0,1,12.2,high
REQ-10015,cyclone,14,2.8,0,0,0,0,18.9,medium
REQ-10016,wildfire,46,6.39,1,0,1,0,18.3,critical
REQ-10017,cyclone,37,5.43,0,1,1,1,71.7,critical
REQ-10018,landslide,3,6.69,0,1,1,1,30.4,critical
REQ-10019,wildfire,3,9.5,1,1,0,1,48.4,critical
REQ-10020,tsunami,9,6.11,1,1,0,0,33.2,critical
REQ-10021,landslide,5,4.78,0,1,1,0,20.7,high
REQ-10022,wildfire,2,9.53,0,1,1,0,2.0,high
REQ-10023,wildfire,279,4.47,0,0,1,1,8.0,critical
REQ-10024,landslide,31,2.83,0,0,1,0,67.3,high
REQ-10025,flood,1,7.91,1,1,0,1,34.9,critical
REQ-10026,tsunami,9,3.25,1,1,1,1,8.8,critical
REQ-10027,tsunami,4,7.98,0,1,1,0,35.5,critical
REQ-10028,earthquake,13,2.07,0,1,0,0,53.1,high
REQ-10029,wildfire,31,1.46,1,1,1,0,9.6,critical
REQ-10030,cyclone,11,1.01,0,1,1,0,42.2,high
REQ-10031,earthquake,149,2.85,0,1,1,1,3.2,critical
REQ-10032,cyclone,36,6.19,0,0,1,0,40.8,high
REQ-10033,wildfire,6,2.29,1,1,1,1,57.1,critical
REQ-10034,landslide,31,9.39,0,0,0,1,67.2,critical
REQ-10035,flood,2,2.36,1,0,0,1,23.9,high
REQ-10036,tsunami,15,3.31,0,1,1,1,66.7,critical
REQ-10037,flood,30,7.58,0,1,0,0,46.2,critical
REQ-10038,tsunami,197,7.32,0,1,1,1,69.3,critical
REQ-10039,landslide,4,9.64,1,1,1,1,31.4,critical
REQ-10040,earthquake,1,8.01,0,0,1,0,70.0,high
REQ-10041,earthquake,1,6.0,0,0,0,0,47.8,medium
REQ-10042,earthquake,4,4.98,0,0,1,1,67.2,high
REQ-10043,cyclone,4,8.9,0,0,0,0,62.7,medium
REQ-10044,cyclone,1,7.88,0,0,0,0,2.1,medium
REQ-10045,cyclone,2,1.47,0,1,1,0,17.7,medium
REQ-10046,wildfire,2,3.41,0,1,1,0,64.9,high
REQ-10047,cyclone,8,4.13,0,1,1,1,25.9,critical
REQ-10048,wildfire,31,6.01,0,0,1,0,26.1,high
REQ-10049,wildfire,4,2.15,0,1,1,0,10.1,medium
REQ-10050,earthquake,8,2.01,0,1,0,0,69.2,high
REQ-10051,flood,34,7.91,0,0,1,1,22.5,critical
REQ-10052,cyclone,27,4.32,0,0,0,1,47.1,high
REQ-10053,cyclone,12,1.52,0,0,0,0,10.0,low
REQ-10054,tsunami,1,1.83,0,0,0,0,22.0,medium
REQ-10055,cyclone,5,2.78,0,1,1,0,24.0,high
REQ-10056,earthquake,3,6.57,0,1,0,1,55.8,critical
REQ-10057,landslide,3,1.82,0,1,0,1,70.1,high
REQ-10058,earthquake,39,2.82,0,1,0,0,26.8,high
REQ-10059,wildfire,3,9.9,0,1,0,1,21.6,critical
REQ-10060,flood,11,5.64,1,1,1,0,22.8,critical
REQ-10061,tsunami,4,6.36,1,1,0,1,54.2,critical
REQ-10062,flood,3,6.2,0,0,1,0,32.2,medium
REQ-10063,wildfire,11,1.86,0,1,0,1,56.9,high
REQ-10064,cyclone,254,8.93,1,1,1,1,46.9,critical
REQ-10065,tsunami,1,4.24,1,1,0,0,24.9,critical
REQ-10066,tsunami,3,8.47,0,1,0,1,48.1,critical
REQ-10067,landslide,11,6.37,1,1,0,0,20.4,critical
REQ-10068,wildfire,4,5.67,1,1,0,0,13.0,high
REQ-10069,flood,14,9.73,1,0,0,0,14.1,critical
REQ-10070,landslide,26,8.81,0,0,1,0,39.9,high
REQ-10071,landslide,3,4.48,0,1,1,1,50.0,high
REQ-10072,wildfire,3,7.65,1,1,0,0,37.7,critical
REQ-10073,earthquake,4,9.9,0,1,0,0,63.8,high
REQ-10074,tsunami,276,6.07,0,1,1,0,7.9,critical
REQ-10075,landslide,6,3.02,0,0,1,0,1.2,low
REQ-10076,flood,3,8.1,0,0,0,1,5.1,high
REQ-10077,landslide,4,6.55,1,1,0,0,33.7,critical
REQ-10078,earthquake,9,5.54,0,1,1,0,61.8,high
REQ-10079,wildfire,1,3.61,1,1,0,0,66.3,high
REQ-10080,landslide,4,5.0,0,0,1,0,46.4,medium
REQ-10081,cyclone,4,6.3,0,1,1,1,68.2,critical
REQ-10082,flood,43,1.82,0,0,0,0,51.4,high
REQ-10083,wildfire,8,7.59,1,1,0,0,35.7,critical
REQ-10084,flood,4,1.22,1,1,1,0,9.2,critical
REQ-10085,tsunami,267,2.85,0,0,1,1,19.3,critical
REQ-10086,earthquake,24,8.91,0,1,1,0,57.1,critical
REQ-10087,flood,172,6.12,0,0,1,1,16.9,critical
REQ-10088,landslide,32,6.38,1,1,1,0,41.9,critical
REQ-10089,tsunami,14,5.26,0,1,0,1,12.0,critical
REQ-10090,flood,2,8.02,0,1,1,0,39.3,high
REQ-10091,cyclone,39,4.25,0,0,1,1,54.9,critical
REQ-10092,landslide,2,9.5,1,1,0,0,47.2,critical
REQ-10093,wildfire,187,3.19,0,1,0,1,29.8,critical
REQ-10094,landslide,1,2.25,1,1,1,1,47.6,critical
REQ-10095,landslide,4,4.93,1,1,1,0,49.9,critical
REQ-10096,earthquake,3,9.1,0,1,0,0,0.3,high
REQ-10097,landslide,44,8.39,0,0,1,1,47.4,critical
REQ-10098,tsunami,49,9.29,0,1,0,0,71.2,critical
REQ-10099,landslide,1,4.56,1,0,0,1,59.2,critical
REQ-10100,cyclone,17,5.1,0,0,0,0,11.1,medium
REQ-10101,flood,9,6.22,0,0,0,0,27.2,medium
REQ-10102,landslide,3,3.84,0,1,0,1,66.4,high
REQ-10103,earthquake,138,5.59,0,0,1,1,49.9,critical
REQ-10104,earthquake,11,1.4,1,0,0,0,69.4,high
REQ-10105,cyclone,97,8.34,1,1,0,1,69.9,critical
REQ-10106,wildfire,5,6.29,1,0,0,1,2.6,high
REQ-10107,landslide,1,6.96,0,1,1,1,34.5,critical
REQ-10108,cyclone,1,3.35,0,0,0,0,25.5,medium
REQ-10109,tsunami,3,6.0,1,0,1,0,65.7,critical
REQ-10110,earthquake,43,6.79,0,1,1,0,50.1,critical
REQ-10111,tsunami,13,8.52,1,1,1,0,0.7,critical
REQ-10112,earthquake,1,7.05,1,1,0,0,62.6,critical
REQ-10113,flood,3,2.26,1,1,1,0,18.0,critical
REQ-10114,landslide,15,9.25,1,0,1,0,14.0,critical
REQ-10115,cyclone,7,4.62,0,1,1,1,66.1,critical
REQ-10116,wildfire,4,8.57,0,0,0,0,15.5,medium
REQ-10117,earthquake,155,8.32,1,1,0,0,39.6,critical
REQ-10118,flood,13,8.78,0,0,1,0,55.9,high
REQ-10119,earthquake,14,4.96,1,1,0,1,71.0,critical
REQ-10120,flood,5,3.78,1,1,1,1,60.3,critical
REQ-10121,landslide,2,1.4,1,1,1,0,64.3,critical
REQ-10122,wildfire,148,7.9,0,0,1,0,1.6,high
REQ-10123,landslide,9,2.57,1,0,0,0,51.1,high
REQ-10124,flood,2,2.89,1,0,0,0,69.2,high
REQ-10125,flood,4,3.68,1,1,1,0,61.6,critical
REQ-10126,earthquake,15,4.41,1,0,0,0,42.9,critical
REQ-10127,earthquake,1,8.28,0,0,0,1,22.9,high
REQ-10128,earthquake,39,1.14,0,0,1,1,29.3,critical
REQ-10129,landslide,13,5.26,0,0,1,1,59.2,high
REQ-10130,flood,6,5.93,1,0,0,1,59.7,critical
REQ-10131,landslide,10,4.78,0,1,1,0,71.9,high
REQ-10132,tsunami,5,2.79,0,1,0,1,2.6,high
REQ-10133,flood,49,5.89,1,1,1,0,63.7,critical
REQ-10134,earthquake,12,2.95,1,1,1,0,47.3,critical
REQ-10135,flood,1,7.24,1,1,0,0,62.0,critical
REQ-10136,tsunami,202,3.96,0,1,0,1,41.9,critical
REQ-10137,tsunami,7,1.15,0,0,1,1,39.6,high
REQ-10138,earthquake,23,5.13,0,1,1,0,30.0,critical
REQ-10139,earthquake,4,2.0,1,1,0,0,7.1,high
REQ-10140,flood,12,8.0,1,1,0,1,0.6,critical
REQ-10141,flood,31,3.36,0,1,1,1,71.0,critical
REQ-10142,cyclone,113,9.02,0,1,0,0,38.5,critical
REQ-10143,earthquake,1,8.9,0,1,0,1,16.8,critical
REQ-10144,cyclone,8,7.69,0,1,1,0,66.0,high
REQ-10145,wildfire,32,3.4,0,1,1,0,71.3,critical
REQ-10146,landslide,13,5.15,0,0,0,1,34.3,high
REQ-10147,cyclone,151,3.68,0,0,1,0,51.0,critical
REQ-10148,cyclone,3,3.49,0,1,1,1,5.5,high
REQ-10149,wildfire,12,6.67,0,1,1,0,18.0,high
REQ-10150,flood,5,8.89,1,1,0,1,63.1,critical
REQ-10151,earthquake,3,9.79,0,0,1,0,36.6,high
REQ-10152,landslide,10,7.3,0,0,1,1,3.2,high
REQ-10153,flood,8,3.9,0,0,0,1,2.2,medium
REQ-10154,landslide,2,3.12,0,0,1,1,71.2,high
REQ-10155,wildfire,11,1.36,1,0,1,0,61.8,high
REQ-10156,tsunami,4,2.96,0,1,1,0,68.0,high
REQ-10157,cyclone,12,1.68,0,1,0,1,20.3,high
REQ-10158,flood,4,9.94,1,0,1,1,64.1,critical
REQ-10159,cyclone,49,3.66,1,0,0,0,50.7,critical
REQ-10160,wildfire,10,2.34,1,1,1,0,7.6,high
REQ-10161,landslide,248,7.69,1,1,1,1,26.9,critical
REQ-10162,earthquake,14,6.25,0,1,1,0,41.5,critical
REQ-10163,cyclone,1,7.4,0,1,1,1,22.0,critical
REQ-10164,flood,8,7.12,1,1,1,1,14.1,critical
REQ-10165,earthquake,12,1.23,0,1,0,0,36.6,high
REQ-10166,wildfire,16,8.36,0,1,1,0,65.3,high
REQ-10167,landslide,47,8.12,1,1,0,1,25.2,critical
REQ-10168,earthquake,42,1.81,0,1,0,1,56.9,critical
REQ-10169,flood,37,8.03,1,1,1,1,61.9,critical
REQ-10170,landslide,13,9.68,0,1,1,0,16.4,high
REQ-10171,wildfire,286,8.43,1,1,0,0,64.0,critical
REQ-10172,earthquake,208,9.26,1,0,0,0,34.3,critical
REQ-10173,landslide,290,6.09,0,0,1,1,18.4,critical
REQ-10174,earthquake,16,6.52,1,1,1,0,69.3,critical
REQ-10175,earthquake,7,7.86,0,1,0,1,56.2,critical
REQ-10176,cyclone,291,3.5,0,1,0,1,71.2,critical
REQ-10177,wildfire,10,7.26,0,0,1,0,9.4,medium
REQ-10178,tsunami,2,3.37,0,0,0,1,38.5,high
REQ-10179,landslide,12,5.94,1,1,1,1,56.5,critical
REQ-10180,tsunami,4,2.28,1,1,1,1,19.4,critical
REQ-10181,flood,1,9.63,1,1,0,0,53.7,critical
REQ-10182,tsunami,33,6.82,0,0,0,0,21.3,high
REQ-10183,flood,15,1.42,0,1,1,1,46.6,critical
REQ-10184,wildfire,4,1.97,1,1,1,1,58.2,critical
REQ-10185,cyclone,47,7.68,0,1,1,0,12.0,critical
REQ-10186,tsunami,6,7.39,1,0,1,1,5.1,critical
REQ-10187,flood,13,2.71,1,1,0,0,11.8,critical
REQ-10188,wildfire,35,4.0,0,1,1,1,9.5,critical
REQ-10189,flood,7,1.81,0,1,0,0,70.0,medium
REQ-10190,cyclone,9,8.96,0,1,0,0,38.9,high
REQ-10191,cyclone,40,9.22,0,0,0,0,18.4,high
REQ-10192,earthquake,2,9.02,0,0,0,1,31.9,high
REQ-10193,flood,1,3.18,0,1,0,0,55.5,medium
REQ-10194,landslide,1,1.79,0,1,1,1,65.6,high
REQ-10195,tsunami,6,6.98,1,0,1,0,21.2,critical
REQ-10196,wildfire,2,2.75,1,1,1,0,25.7,critical
REQ-10197,wildfire,50,2.68,0,1,1,0,27.6,critical
REQ-10198,tsunami,34,8.64,1,0,0,0,41.4,critical
REQ-10199,cyclone,8,8.25,0,0,1,1,39.9,critical
REQ-10200,earthquake,15,5.03,1,0,0,0,62.7,critical
REQ-10201,tsunami,6,8.36,0,1,1,0,11.7,high
REQ-10202,tsunami,3,8.53,1,0,0,0,57.9,critical
REQ-10203,cyclone,3,7.55,0,1,0,1,22.0,critical
REQ-10204,flood,2,2.44,1,0,0,1,33.5,critical
REQ-10205,landslide,5,4.76,0,0,0,0,48.9,medium
REQ-10206,tsunami,3,4.27,1,0,1,1,3.9,critical
REQ-10207,earthquake,10,6.43,0,1,0,0,20.2,high
REQ-10208,earthquake,133,5.48,1,0,0,1,39.4,critical
REQ-10209,flood,3,1.87,0,1,1,0,22.3,medium
REQ-10210,earthquake,42,2.31,1,0,1,0,19.4,critical
REQ-10211,earthquake,1,1.84,0,1,0,1,66.1,high
REQ-10212,cyclone,11,6.81,0,1,0,0,6.2,high
REQ-10213,tsunami,40,8.02,1,0,0,1,52.6,critical
REQ-10214,wildfire,2,8.24,0,1,0,0,20.9,high
REQ-10215,earthquake,12,2.17,0,1,1,1,48.5,critical
REQ-10216,flood,3,1.55,1,1,1,1,37.5,critical
REQ-10217,flood,1,9.42,0,0,0,0,16.6,medium
REQ-10218,cyclone,16,9.4,0,0,0,0,30.8,high
REQ-10219,wildfire,11,4.83,0,1,0,0,54.7,high
REQ-10220,tsunami,9,2.07,0,0,0,0,65.4,medium
REQ-10221,landslide,4,6.27,0,1,1,0,57.7,high
REQ-10222,earthquake,8,2.03,0,0,0,1,55.2,high
REQ-10223,wildfire,6,8.11,0,1,0,1,45.9,critical
REQ-10224,flood,1,9.62,1,0,0,1,27.2,critical
REQ-10225,tsunami,44,2.55,0,0,0,1,2.7,high
REQ-10226,earthquake,200,9.14,0,1,0,1,51.3,critical
REQ-10227,cyclone,12,1.54,0,0,0,0,0.7,low
REQ-10228,earthquake,65,4.63,0,1,0,0,21.0,critical
REQ-10229,cyclone,271,9.23,0,1,0,0,39.9,critical
REQ-10230,flood,11,2.01,0,0,1,0,0.1,medium
REQ-10231,cyclone,46,2.83,0,1,0,0,16.9,high
REQ-10232,earthquake,3,3.95,0,1,0,0,28.7,medium
REQ-10233,cyclone,10,5.74,1,1,0,1,32.8,critical
REQ-10234,cyclone,30,8.99,0,1,0,1,47.5,critical
REQ-10235,wildfire,5,2.15,0,0,1,0,21.5,low
REQ-10236,landslide,7,2.01,1,1,0,1,42.9,critical
REQ-10237,earthquake,12,8.78,1,1,1,1,58.2,critical
REQ-10238,landslide,2,2.49,0,0,0,0,12.0,low
REQ-10239,cyclone,1,5.21,1,1,0,1,70.0,critical
REQ-10240,earthquake,1,9.7,0,1,0,0,52.0,high
REQ-10241,wildfire,2,2.21,0,0,1,1,43.2,high
REQ-10242,flood,32,7.67,0,0,0,1,22.9,high
REQ-10243,earthquake,23,7.64,0,0,0,0,51.2,high
REQ-10244,tsunami,9,6.5,0,0,1,1,34.2,critical
REQ-10245,cyclone,11,8.74,0,1,1,0,58.6,critical
REQ-10246,cyclone,49,9.0,0,0,0,0,46.9,critical
REQ-10247,tsunami,43,9.34,1,1,1,0,36.9,critical
REQ-10248,flood,7,8.16,1,0,1,1,28.1,critical
REQ-10249,landslide,8,9.01,1,1,1,1,47.2,critical
REQ-10250,landslide,1,4.68,1,1,1,1,65.6,critical
REQ-10251,cyclone,3,9.49,1,0,1,0,60.2,critical
REQ-10252,wildfire,14,6.56,1,1,1,0,66.0,critical
REQ-10253,wildfire,8,8.84,1,1,0,0,46.1,critical
REQ-10254,earthquake,24,5.97,0,0,0,0,28.2,high
REQ-10255,cyclone,4,4.15,0,1,1,1,43.5,critical
REQ-10256,flood,15,3.77,0,0,1,0,25.6,high
REQ-10257,flood,9,2.14,1,1,0,0,1.4,high
REQ-10258,wildfire,12,1.6,0,1,0,0,15.3,medium
REQ-10259,landslide,14,7.43,0,0,0,0,43.2,medium
REQ-10260,flood,1,4.13,0,0,1,0,40.2,medium
REQ-10261,cyclone,2,9.14,1,1,1,1,19.7,critical
REQ-10262,wildfire,270,8.09,0,1,1,1,56.9,critical
REQ-10263,cyclone,25,7.46,0,1,0,0,51.8,critical
REQ-10264,wildfire,42,7.85,0,1,1,1,17.7,critical
REQ-10265,landslide,11,1.65,1,1,0,0,41.1,high
REQ-10266,cyclone,16,6.56,0,1,0,0,56.9,high
REQ-10267,landslide,30,5.72,0,1,1,0,3.0,high
REQ-10268,tsunami,12,1.86,0,1,1,1,54.2,critical
REQ-10269,flood,1,1.13,1,0,1,1,46.2,critical
REQ-10270,earthquake,133,2.4,1,0,1,0,7.6,critical
REQ-10271,flood,49,1.7,1,1,1,1,42.5,critical
REQ-10272,earthquake,35,6.44,1,1,1,0,70.7,critical
REQ-10273,cyclone,287,8.29,1,0,0,0,45.8,critical
REQ-10274,earthquake,3,7.94,1,1,0,0,69.1,critical
REQ-10275,flood,3,5.62,0,1,1,0,27.9,high
REQ-10276,wildfire,2,3.71,1,0,1,1,58.4,critical
REQ-10277,tsunami,7,6.07,0,0,1,1,45.9,critical
REQ-10278,wildfire,11,7.3,1,1,0,0,31.9,critical
REQ-10279,earthquake,10,5.62,0,1,0,0,55.5,high
REQ-10280,cyclone,212,7.76,0,0,1,0,19.6,critical
REQ-10281,wildfire,13,6.93,0,0,0,0,30.1,medium
REQ-10282,landslide,6,7.85,1,1,1,1,11.2,critical
REQ-10283,landslide,4,7.44,1,1,0,0,7.8,high
REQ-10284,flood,17,9.49,0,0,1,1,15.1,critical
REQ-10285,flood,9,5.16,1,1,1,1,45.0,critical
REQ-10286,earthquake,1,3.52,0,1,0,1,41.4,high
REQ-10287,cyclone,273,9.45,0,1,0,0,25.0,critical
REQ-10288,earthquake,28,3.87,1,0,1,0,65.2,critical
REQ-10289,flood,1,4.74,1,0,0,1,60.4,critical
REQ-10290,tsunami,2,1.56,1,0,0,1,11.7,high
REQ-10291,earthquake,205,3.88,0,1,0,0,18.1,critical
REQ-10292,cyclone,12,6.11,0,1,1,1,32.5,critical
REQ-10293,earthquake,2,4.95,1,1,1,0,41.6,critical
REQ-10294,wildfire,46,2.29,0,1,0,0,53.4,high
REQ-10295,cyclone,177,8.84,0,0,0,1,43.7,critical
REQ-10296,cyclone,2,5.97,0,1,0,1,7.9,high
REQ-10297,tsunami,6,2.14,0,0,1,1,52.2,high
REQ-10298,landslide,126,4.53,0,1,1,1,35.2,critical
REQ-10299,tsunami,265,2.27,0,1,1,1,49.2,critical
REQ-10300,wildfire,296,9.85,1,1,1,1,53.8,critical
REQ-10301,cyclone,31,6.34,0,1,1,1,55.8,critical
REQ-10302,cyclone,12,9.73,0,1,1,1,58.9,critical
REQ-10303,flood,53,1.99,1,1,1,1,1.0,critical
REQ-10304,landslide,3,5.1,1,1,0,1,42.0,critical
REQ-10305,flood,49,2.75,1,1,1,0,70.1,critical
REQ-10306,flood,12,1.53,1,1,1,1,32.2,critical
REQ-10307,tsunami,3,1.04,1,0,0,0,25.5,high
REQ-10308,landslide,8,6.09,0,0,0,0,66.5,medium
REQ-10309,flood,93,2.14,1,1,1,0,47.6,critical
REQ-10310,tsunami,7,2.79,1,0,1,0,9.4,high
REQ-10311,wildfire,11,3.68,0,0,1,1,12.3,high
REQ-10312,landslide,100,7.87,0,0,1,0,47.9,critical
REQ-10313,wildfire,6,7.73,0,1,1,1,46.1,critical
REQ-10314,landslide,10,8.63,1,1,0,0,17.3,critical
REQ-10315,earthquake,7,6.42,1,0,1,0,22.9,critical
REQ-10316,earthquake,7,4.31,1,1,1,0,63.5,critical
REQ-10317,flood,20,2.76,0,1,0,0,43.3,high
REQ-10318,tsunami,147,7.8,1,0,0,0,29.3,critical
REQ-10319,flood,5,2.99,0,1,1,1,46.0,critical
REQ-10320,earthquake,3,3.31,1,1,1,0,60.5,critical
REQ-10321,earthquake,28,3.53,1,0,0,0,28.5,critical
REQ-10322,cyclone,83,8.21,0,0,0,0,63.0,critical
REQ-10323,flood,23,8.32,0,0,1,0,43.1,high
REQ-10324,wildfire,7,1.47,0,0,0,1,37.6,medium
REQ-10325,cyclone,10,8.45,0,1,1,1,64.6,critical
REQ-10326,flood,4,6.37,1,1,1,0,28.6,critical
REQ-10327,wildfire,280,5.26,1,1,0,1,10.7,critical
REQ-10328,wildfire,9,8.53,0,1,1,1,24.7,critical
REQ-10329,wildfire,2,2.43,1,1,1,0,49.6,critical
REQ-10330,flood,7,6.74,1,1,1,0,29.9,critical
REQ-10331,tsunami,10,3.46,0,0,0,0,9.4,medium
REQ-10332,wildfire,12,9.41,1,1,0,0,2.4,critical
REQ-10333,landslide,12,6.65,0,0,1,1,22.5,high
REQ-10334,earthquake,6,5.89,1,1,1,0,65.2,critical
REQ-10335,landslide,14,6.87,1,1,1,0,41.7,critical
REQ-10336,cyclone,15,8.3,1,1,1,0,8.2,critical
REQ-10337,cyclone,155,7.56,0,1,1,1,2.6,critical
REQ-10338,cyclone,94,5.69,1,1,1,0,34.4,critical
REQ-10339,earthquake,9,1.18,1,1,1,1,13.3,critical
REQ-10340,cyclone,5,4.84,0,1,1,1,26.8,critical
REQ-10341,wildfire,14,1.83,1,1,0,0,44.6,critical
REQ-10342,wildfire,4,2.5,0,1,1,1,24.4,high
REQ-10343,earthquake,2,1.38,1,0,1,0,35.2,high
REQ-10344,wildfire,44,3.89,0,1,1,0,58.5,critical
REQ-10345,wildfire,4,6.93,0,1,0,1,61.4,high
REQ-10346,landslide,36,2.71,0,0,0,0,15.1,medium
REQ-10347,landslide,10,9.67,0,1,1,0,8.7,high
REQ-10348,tsunami,9,5.75,0,1,0,1,65.5,critical
REQ-10349,tsunami,42,4.05,0,0,0,1,32.4,critical
REQ-10350,landslide,2,7.01,1,1,1,1,55.2,critical
REQ-10351,flood,1,4.15,1,1,0,0,28.8,high
REQ-10352,cyclone,27,3.85,0,1,0,1,58.3,critical
REQ-10353,cyclone,3,6.85,1,1,0,1,18.4,critical
REQ-10354,flood,4,8.3,0,1,0,1,41.8,critical
REQ-10355,earthquake,11,3.77,1,1,0,0,26.0,critical
REQ-10356,earthquake,28,8.18,0,1,0,0,46.7,critical
REQ-10357,flood,8,6.42,0,1,1,1,59.7,critical
REQ-10358,cyclone,12,3.37,0,1,1,0,13.5,high
REQ-10359,flood,4,4.41,0,1,0,0,22.5,medium
REQ-10360,flood,1,1.64,1,1,1,0,65.4,critical
REQ-10361,landslide,14,4.17,1,0,0,1,39.5,critical
REQ-10362,cyclone,9,1.76,1,1,1,1,60.9,critical
REQ-10363,landslide,39,9.2,0,1,1,0,65.2,critical
REQ-10364,tsunami,2,3.73,0,1,0,1,24.4,high
REQ-10365,flood,2,8.2,0,1,0,0,67.3,high
REQ-10366,earthquake,8,9.1,0,1,0,1,37.3,critical
REQ-10367,earthquake,55,7.94,1,0,0,0,58.8,critical
REQ-10368,earthquake,10,9.59,0,1,1,1,32.6,critical
REQ-10369,wildfire,3,1.59,0,1,0,0,21.7,medium
REQ-10370,flood,3,3.41,1,0,1,1,18.2,critical
REQ-10371,flood,82,7.29,1,0,0,0,19.3,critical
REQ-10372,earthquake,10,9.96,0,0,1,1,25.9,critical
REQ-10373,tsunami,10,2.51,0,1,1,1,62.9,critical
REQ-10374,landslide,4,2.52,1,1,1,1,12.1,critical
REQ-10375,tsunami,15,4.75,0,0,0,0,50.1,medium
REQ-10376,flood,29,3.9,0,1,1,1,8.8,critical
REQ-10377,earthquake,8,7.79,1,1,1,0,5.9,critical
REQ-10378,wildfire,12,3.44,0,1,1,1,2.6,high
REQ-10379,earthquake,4,5.23,0,1,1,0,30.8,high
REQ-10380,flood,1,1.3,0,1,0,0,1.6,medium
REQ-10381,cyclone,44,3.3,1,1,1,1,32.4,critical
REQ-10382,tsunami,2,2.01,0,1,1,0,51.8,high
REQ-10383,wildfire,13,3.73,1,1,0,0,6.3,high
REQ-10384,wildfire,20,1.96,1,1,1,1,45.6,critical
REQ-10385,cyclone,2,9.25,0,0,0,1,33.0,high
REQ-10386,wildfire,5,5.66,1,0,1,1,50.9,critical
REQ-10387,tsunami,11,1.58,1,0,0,0,18.9,high
REQ-10388,tsunami,38,1.17,0,1,0,0,39.5,high
REQ-10389,landslide,5,7.93,1,1,1,1,14.5,critical
REQ-10390,flood,9,8.96,0,0,0,0,32.2,high
REQ-10391,cyclone,11,8.27,0,0,1,1,29.1,high
REQ-10392,flood,13,7.92,0,1,1,0,69.2,critical
REQ-10393,cyclone,13,8.43,0,1,0,0,0.4,high
REQ-10394,earthquake,30,5.1,0,0,1,0,61.6,high
REQ-10395,landslide,3,8.38,0,0,1,0,51.4,high
REQ-10396,landslide,19,1.52,0,0,0,1,60.0,high
REQ-10397,wildfire,21,2.38,0,1,1,0,58.9,high
REQ-10398,wildfire,23,4.41,0,1,1,0,44.8,high
REQ-10399,flood,18,8.85,0,0,1,1,56.7,critical
REQ-10400,cyclone,33,3.46,0,0,0,1,34.6,high
REQ-10401,flood,2,2.39,0,0,1,0,50.8,medium
REQ-10402,tsunami,4,8.65,0,1,1,0,23.1,high
REQ-10403,earthquake,5,7.23,0,0,0,1,27.1,high
REQ-10404,earthquake,1,1.61,1,0,0,1,2.1,high
REQ-10405,landslide,4,2.66,0,1,0,1,38.8,high
REQ-10406,tsunami,1,1.31,0,0,0,0,58.3,medium
REQ-10407,earthquake,6,2.58,0,1,0,1,41.3,critical
REQ-10408,cyclone,1,8.98,0,0,1,0,11.1,high
REQ-10409,flood,33,8.75,0,0,1,1,70.3,critical
REQ-10410,earthquake,29,9.59,1,0,1,1,34.4,critical
REQ-10411,earthquake,3,9.25,0,1,0,0,32.1,high
REQ-10412,landslide,4,2.46,0,1,0,0,51.3,medium
REQ-10413,landslide,13,1.39,1,0,0,0,50.4,high
REQ-10414,landslide,25,7.2,0,0,1,0,38.1,high
REQ-10415,tsunami,1,2.28,1,0,0,1,31.2,critical
REQ-10416,flood,11,2.52,1,1,1,1,68.0,critical
REQ-10417,earthquake,2,3.96,0,1,1,1,17.1,critical
REQ-10418,landslide,1,2.44,0,1,1,0,22.2,medium
REQ-10419,wildfire,1,2.56,0,1,1,0,37.7,medium
REQ-10420,tsunami,16,1.23,1,0,0,0,10.7,critical
REQ-10421,tsunami,5,2.76,0,1,0,0,22.2,medium
REQ-10422,cyclone,189,6.5,0,0,1,0,38.6,critical
REQ-10423,earthquake,11,1.11,1,1,1,1,57.8,critical
REQ-10424,earthquake,39,7.69,1,0,0,0,45.2,critical
REQ-10425,tsunami,30,2.8,1,1,1,1,67.6,critical
REQ-10426,landslide,11,9.9,0,1,1,0,56.4,high
REQ-10427,cyclone,3,4.3,0,1,1,0,57.2,high
REQ-10428,tsunami,6,9.43,0,1,0,0,48.7,high
REQ-10429,landslide,4,1.32,0,1,1,0,71.1,medium
REQ-10430,flood,5,1.66,0,1,0,0,26.0,medium
REQ-10431,cyclone,14,4.41,0,0,1,1,18.6,high
REQ-10432,cyclone,4,7.75,1,1,1,0,50.1,critical
REQ-10433,cyclone,7,6.98,0,0,1,0,65.2,high
REQ-10434,tsunami,45,6.75,0,1,1,0,22.3,critical
REQ-10435,wildfire,38,4.92,0,1,1,0,31.3,critical
REQ-10436,wildfire,1,7.82,0,1,1,1,41.3,critical
REQ-10437,tsunami,5,6.47,0,1,0,1,48.7,critical
REQ-10438,tsunami,4,3.92,1,0,1,1,3.7,critical
REQ-10439,tsunami,3,3.08,0,0,1,0,13.4,medium
REQ-10440,landslide,10,4.03,0,0,1,0,7.6,medium
REQ-10441,earthquake,14,3.8,1,1,1,1,12.1,critical
REQ-10442,landslide,47,4.09,0,0,1,1,63.1,critical
REQ-10443,flood,42,8.75,0,0,0,0,38.8,critical
REQ-10444,flood,9,7.91,0,1,1,0,16.2,high
REQ-10445,landslide,3,7.44,0,0,1,1,8.5,high
REQ-10446,earthquake,1,8.9,1,0,0,0,52.1,critical
REQ-10447,flood,4,9.84,1,1,1,0,11.9,critical
REQ-10448,cyclone,25,4.55,0,1,1,0,62.1,critical
REQ-10449,landslide,1,5.9,0,1,0,1,19.2,high
REQ-10450,wildfire,2,4.36,0,0,1,0,49.1,medium
REQ-10451,landslide,21,5.83,0,0,1,0,68.3,high
REQ-10452,flood,42,7.57,0,0,1,0,38.9,critical
REQ-10453,tsunami,39,2.34,0,0,1,0,50.7,high
REQ-10454,flood,10,5.26,0,1,1,0,69.5,high
REQ-10455,cyclone,4,9.49,0,1,1,0,60.8,high
REQ-10456,earthquake,14,5.75,1,0,1,0,10.0,critical
REQ-10457,tsunami,14,9.81,0,1,0,0,10.9,high
REQ-10458,wildfire,60,1.14,0,0,1,0,53.0,high
REQ-10459,wildfire,3,7.11,0,1,0,0,29.7,medium
REQ-10460,flood,6,8.42,1,1,0,0,2.6,critical
REQ-10461,flood,260,6.61,1,1,1,0,18.0,critical
REQ-10462,cyclone,3,3.56,0,1,1,1,2.1,high
REQ-10463,flood,295,7.73,1,0,1,1,23.1,critical
REQ-10464,landslide,27,7.96,0,1,0,0,27.8,high
REQ-10465,landslide,6,4.48,0,1,0,0,14.1,medium
REQ-10466,cyclone,2,4.93,0,1,1,1,21.6,critical
REQ-10467,landslide,10,6.61,0,0,1,1,43.7,high
REQ-10468,tsunami,6,3.32,1,1,0,0,44.5,critical
REQ-10469,tsunami,2,4.84,0,1,0,0,29.6,high
REQ-10470,earthquake,15,2.73,0,1,0,0,22.4,high
REQ-10471,cyclone,2,8.38,0,1,1,0,27.9,high
REQ-10472,landslide,15,8.49,1,1,1,0,5.3,critical
REQ-10473,earthquake,22,9.89,0,1,0,0,23.6,critical
REQ-10474,wildfire,4,4.75,0,1,0,1,68.4,high
REQ-10475,earthquake,8,2.03,0,1,1,1,28.6,critical
REQ-10476,landslide,7,5.51,1,1,1,0,25.6,critical
REQ-10477,cyclone,1,4.39,0,0,1,0,38.7,medium
REQ-10478,landslide,16,8.74,1,0,1,1,27.3,critical
REQ-10479,flood,1,1.94,0,1,1,0,69.0,high
REQ-10480,wildfire,4,5.7,1,0,1,1,29.1,critical
REQ-10481,earthquake,10,1.11,1,1,1,1,7.7,critical
REQ-10482,flood,10,5.92,1,0,1,0,12.7,critical
REQ-10483,tsunami,4,2.05,0,1,0,1,22.3,high
REQ-10484,wildfire,12,9.34,0,0,0,1,26.4,high
REQ-10485,tsunami,6,4.85,0,1,1,1,63.7,critical
REQ-10486,cyclone,272,3.02,1,1,1,0,24.8,critical
REQ-10487,landslide,9,5.06,1,0,0,0,10.6,high
REQ-10488,cyclone,15,9.65,0,0,1,0,58.7,high
REQ-10489,flood,38,6.91,0,1,0,0,9.2,high
REQ-10490,earthquake,1,4.65,0,1,1,1,38.2,critical
REQ-10491,wildfire,4,9.76,0,1,1,1,29.5,critical
REQ-10492,landslide,4,6.96,0,1,1,0,7.3,high
REQ-10493,landslide,1,1.14,1,0,0,0,64.6,high
REQ-10494,wildfire,7,4.78,0,1,1,1,71.7,critical
REQ-10495,wildfire,12,7.57,0,0,1,1,48.1,high
REQ-10496,wildfire,1,2.67,0,1,0,1,48.5,high
REQ-10497,cyclone,4,1.98,0,1,0,0,32.3,medium
REQ-10498,earthquake,8,9.83,0,0,0,0,15.0,medium
REQ-10499,earthquake,3,6.1,0,1,1,1,64.1,critical
REQ-10500,tsunami,12,6.86,0,1,0,0,2.6,high
REQ-10501,landslide,131,4.16,0,0,0,0,28.3,high
REQ-10502,flood,37,6.49,0,0,1,0,0.3,high
REQ-10503,tsunami,4,3.51,1,1,0,1,1.4,critical
REQ-10504,tsunami,4,1.35,0,1,1,0,70.4,high
REQ-10505,wildfire,31,9.15,1,1,1,0,29.7,critical
REQ-10506,tsunami,2,3.77,0,0,1,1,21.4,high
REQ-10507,flood,6,6.97,0,0,1,1,26.4,high
REQ-10508,earthquake,15,1.94,0,0,0,1,67.4,high
REQ-10509,tsunami,5,3.82,1,0,1,0,38.2,critical
REQ-10510,wildfire,14,7.14,0,1,0,1,54.9,critical
REQ-10511,landslide,3,6.94,0,1,0,0,49.7,high
REQ-10512,earthquake,2,1.93,0,1,0,1,66.3,high
REQ-10513,flood,6,4.71,1,1,1,1,49.5,critical
REQ-10514,flood,2,4.0,0,1,1,0,4.3,medium
REQ-10515,flood,2,1.74,1,1,1,0,11.2,critical
REQ-10516,wildfire,7,5.18,0,1,0,0,61.4,high
REQ-10517,tsunami,6,3.08,0,0,1,0,22.1,medium
REQ-10518,tsunami,3,7.1,0,1,0,0,57.9,high
REQ-10519,flood,10,5.66,0,0,1,0,32.0,high
REQ-10520,landslide,15,9.31,1,1,0,1,10.9,critical
REQ-10521,landslide,4,4.19,0,0,1,0,22.7,medium
REQ-10522,flood,4,6.34,0,1,1,0,7.2,high
REQ-10523,cyclone,86,2.35,1,1,1,1,12.6,critical
REQ-10524,earthquake,15,6.41,0,1,0,1,70.0,critical
REQ-10525,wildfire,37,3.03,0,1,1,0,30.7,high
REQ-10526,earthquake,4,8.48,0,0,0,0,37.5,medium
REQ-10527,cyclone,3,5.02,0,0,0,0,35.5,medium
REQ-10528,wildfire,5,9.67,1,1,1,0,56.8,critical
REQ-10529,earthquake,44,3.86,0,1,1,1,40.0,critical
REQ-10530,landslide,8,1.99,1,0,1,0,46.0,high
REQ-10531,earthquake,44,8.48,0,1,1,1,11.1,critical
REQ-10532,tsunami,11,4.48,0,0,1,0,44.9,high
REQ-10533,cyclone,2,5.19,0,1,1,0,29.3,high
REQ-10534,flood,6,5.3,1,0,1,0,22.7,high
REQ-10535,tsunami,49,7.16,0,1,1,1,21.4,critical
REQ-10536,tsunami,34,2.77,1,1,1,1,55.1,critical
REQ-10537,landslide,1,8.76,1,0,0,0,40.5,high
REQ-10538,tsunami,100,4.44,1,0,1,1,40.3,critical
REQ-10539,cyclone,7,9.35,0,0,0,0,34.7,high
REQ-10540,earthquake,22,9.85,1,1,0,1,62.4,critical
REQ-10541,landslide,2,9.14,0,0,1,0,49.1,high
REQ-10542,tsunami,28,1.96,0,0,0,1,60.8,high
REQ-10543,landslide,2,9.68,1,1,0,1,69.8,critical
REQ-10544,flood,4,8.08,0,0,1,0,48.6,high
REQ-10545,earthquake,3,7.84,0,1,1,1,67.1,critical
REQ-10546,tsunami,235,7.71,0,1,1,0,7.9,critical
REQ-10547,landslide,107,5.66,0,1,0,0,14.3,high
REQ-10548,cyclone,7,3.62,0,0,0,1,44.3,high
REQ-10549,wildfire,4,1.66,0,0,0,0,18.6,low
REQ-10550,earthquake,34,6.25,0,1,1,0,47.7,critical
REQ-10551,flood,1,1.7,0,1,1,0,1.3,medium
REQ-10552,earthquake,3,7.41,1,0,0,1,54.6,critical
REQ-10553,tsunami,12,9.86,1,1,0,1,60.2,critical
REQ-10554,earthquake,11,2.58,1,0,0,0,21.2,high
REQ-10555,landslide,1,2.07,0,1,1,0,13.6,medium
REQ-10556,landslide,20,3.3,1,1,1,0,34.5,critical
REQ-10557,flood,48,4.06,0,1,1,1,28.3,critical
REQ-10558,wildfire,4,7.94,0,0,0,1,64.9,high
REQ-10559,earthquake,31,5.63,0,1,1,0,18.1,critical
REQ-10560,flood,29,3.19,0,1,0,0,33.7,high
REQ-10561,tsunami,8,6.12,0,0,1,1,52.1,critical
REQ-10562,cyclone,10,7.18,0,1,0,1,40.4,critical
REQ-10563,flood,11,8.52,1,1,0,1,43.6,critical
REQ-10564,tsunami,6,3.97,0,0,0,0,42.0,medium
REQ-10565,earthquake,186,9.14,0,0,0,0,47.8,critical
REQ-10566,wildfire,2,5.0,1,1,1,0,2.9,critical
REQ-10567,cyclone,6,1.26,0,0,1,0,3.4,medium
REQ-10568,flood,27,2.72,0,0,1,1,32.1,critical
REQ-10569,wildfire,25,4.73,0,1,1,0,24.7,high
REQ-10570,landslide,285,3.95,1,1,0,0,44.7,critical
REQ-10571,wildfire,4,2.59,0,1,1,0,67.2,high
REQ-10572,earthquake,19,5.7,1,0,1,1,49.7,critical
REQ-10573,wildfire,8,1.67,1,0,1,1,35.0,critical
REQ-10574,earthquake,21,6.82,0,1,0,1,8.7,critical
REQ-10575,wildfire,1,1.93,0,0,0,0,14.3,low
REQ-10576,landslide,15,8.48,0,1,0,1,70.6,critical
REQ-10577,tsunami,1,3.25,0,0,0,1,64.4,high
REQ-10578,flood,4,4.53,0,0,0,1,38.7,high
REQ-10579,landslide,107,1.79,0,1,1,0,32.5,critical
REQ-10580,flood,29,1.87,0,1,1,0,10.7,high
REQ-10581,earthquake,13,7.61,1,1,0,0,4.2,critical
REQ-10582,tsunami,195,3.14,1,0,1,1,41.3,critical
REQ-10583,cyclone,34,1.68,1,1,1,1,40.2,critical
REQ-10584,flood,33,4.68,0,1,1,1,38.2,critical
REQ-10585,wildfire,9,3.1,0,0,1,1,61.2,high
REQ-10586,earthquake,2,6.75,0,1,0,0,27.1,high
REQ-10587,cyclone,33,6.93,0,1,1,0,14.4,critical
REQ-10588,landslide,125,2.43,0,1,1,0,15.1,high
REQ-10589,tsunami,2,1.07,1,1,0,0,34.8,critical
REQ-10590,tsunami,1,6.59,1,0,1,0,7.1,high
REQ-10591,landslide,25,3.18,0,1,1,0,45.6,high
REQ-10592,tsunami,4,4.96,1,0,1,0,43.7,critical
REQ-10593,wildfire,166,5.28,0,0,0,1,44.3,critical
REQ-10594,earthquake,15,6.07,0,0,0,0,61.3,high
REQ-10595,landslide,34,9.43,0,0,1,0,29.3,high
REQ-10596,cyclone,1,5.95,0,1,0,1,3.6,high
REQ-10597,wildfire,22,1.03,0,0,1,0,36.9,medium
REQ-10598,flood,3,6.57,0,1,1,0,46.2,high
REQ-10599,flood,47,9.28,0,1,1,0,69.3,critical
REQ-10600,cyclone,1,4.0,0,1,0,0,42.8,high
REQ-10601,earthquake,3,3.49,1,0,0,1,65.0,critical
REQ-10602,wildfire,5,3.59,0,1,1,1,12.1,high
REQ-10603,earthquake,3,6.85,1,0,1,1,48.5,critical
REQ-10604,flood,10,7.68,0,1,0,0,6.9,high
REQ-10605,tsunami,12,6.01,0,0,1,0,54.2,high
REQ-10606,landslide,17,5.34,0,0,0,0,42.6,medium
REQ-10607,wildfire,1,7.27,1,1,1,1,10.1,critical
REQ-10608,wildfire,15,5.78,1,0,1,0,32.0,critical
REQ-10609,wildfire,22,3.75,0,1,1,0,48.3,high
REQ-10610,wildfire,26,8.52,0,0,1,0,34.1,high
REQ-10611,wildfire,3,6.32,0,1,0,1,23.1,high
REQ-10612,wildfire,2,6.27,0,1,1,0,48.7,high
REQ-10613,landslide,2,1.42,0,1,0,0,23.6,medium
REQ-10614,tsunami,52,9.05,1,0,0,0,63.6,critical
REQ-10615,earthquake,122,5.42,0,0,0,1,53.7,critical
REQ-10616,cyclone,9,6.47,0,0,1,0,51.0,high
REQ-10617,cyclone,2,5.34,0,0,1,1,64.3,high
REQ-10618,tsunami,18,7.25,0,1,0,1,51.6,critical
REQ-10619,flood,11,5.41,1,1,1,1,48.5,critical
REQ-10620,wildfire,3,7.24,0,1,0,0,37.0,high
REQ-10621,flood,9,9.47,0,0,1,1,30.1,critical
REQ-10622,flood,21,6.9,0,0,1,0,32.7,high
REQ-10623,cyclone,8,6.09,0,0,0,0,52.2,medium
REQ-10624,flood,1,2.22,0,1,1,1,26.1,high
REQ-10625,cyclone,2,8.23,0,1,1,0,0.8,high
REQ-10626,wildfire,8,8.8,0,0,0,1,40.0,high
REQ-10627,cyclone,2,7.87,0,1,1,0,42.1,high
REQ-10628,wildfire,265,4.14,0,0,0,0,13.8,high
REQ-10629,cyclone,37,5.44,0,0,1,1,38.2,critical
REQ-10630,landslide,15,3.09,1,1,0,0,7.9,critical
REQ-10631,landslide,8,1.44,0,1,0,0,27.5,medium
REQ-10632,wildfire,4,9.46,1,0,1,1,63.3,critical
REQ-10633,wildfire,3,2.78,1,1,0,1,59.8,critical
REQ-10634,tsunami,3,7.06,1,0,0,1,60.7,critical
REQ-10635,tsunami,39,7.57,0,1,1,0,26.0,critical
REQ-10636,earthquake,27,1.39,1,1,0,0,50.5,critical
REQ-10637,wildfire,149,6.36,1,1,0,1,3.8,critical
REQ-10638,wildfire,2,8.88,0,0,0,0,42.7,medium
REQ-10639,wildfire,45,8.5,1,0,0,1,7.9,critical
REQ-10640,earthquake,22,3.74,0,1,0,1,3.4,high
REQ-10641,landslide,15,2.82,1,1,1,0,12.1,critical
REQ-10642,tsunami,4,8.87,1,1,0,1,37.3,critical
REQ-10643,flood,11,8.84,0,1,0,1,6.8,critical
REQ-10644,flood,26,5.87,0,1,0,0,49.3,high
REQ-10645,landslide,6,5.13,1,1,0,0,62.9,critical
REQ-10646,earthquake,34,4.13,0,1,1,0,48.8,critical
REQ-10647,earthquake,11,3.32,0,0,0,0,23.7,medium
REQ-10648,tsunami,19,6.57,0,1,1,1,53.1,critical
REQ-10649,cyclone,2,4.99,1,0,1,1,17.2,critical
REQ-10650,landslide,4,1.9,0,0,1,0,70.2,medium
REQ-10651,flood,25,5.46,0,0,0,1,18.5,high
REQ-10652,cyclone,181,3.2,0,0,0,0,53.2,high
REQ-10653,earthquake,26,4.23,1,0,0,1,22.1,critical
REQ-10654,earthquake,15,9.64,0,0,0,0,53.4,high
REQ-10655,wildfire,16,6.12,0,1,0,0,56.7,high
REQ-10656,wildfire,13,3.97,0,0,1,0,32.9,medium
REQ-10657,earthquake,166,5.43,0,0,1,1,41.0,critical
REQ-10658,wildfire,13,5.11,0,1,1,0,19.2,high
REQ-10659,tsunami,7,9.5,0,0,1,1,23.9,critical
REQ-10660,cyclone,9,4.79,0,1,0,0,42.6,high
REQ-10661,tsunami,46,9.09,1,0,1,1,60.7,critical
REQ-10662,tsunami,4,8.74,0,0,1,0,3.0,high
REQ-10663,flood,1,7.08,1,1,0,0,24.6,critical
REQ-10664,landslide,1,2.67,0,0,1,0,21.7,medium
REQ-10665,tsunami,4,6.49,0,1,0,0,27.4,high
REQ-10666,tsunami,3,7.14,0,0,0,0,17.6,medium
REQ-10667,tsunami,7,6.48,1,0,0,1,50.8,critical
REQ-10668,cyclone,1,3.67,1,1,0,1,52.9,critical
REQ-10669,tsunami,7,4.96,0,1,1,0,25.5,high
REQ-10670,wildfire,2,3.59,1,1,1,1,42.8,critical
REQ-10671,landslide,4,9.89,0,1,1,1,48.4,critical
REQ-10672,tsunami,12,5.77,0,1,1,0,51.0,critical
REQ-10673,wildfire,36,7.51,0,1,0,0,7.1,high
REQ-10674,landslide,1,5.55,1,1,1,1,37.9,critical
REQ-10675,cyclone,13,6.25,0,1,1,1,30.2,critical
REQ-10676,wildfire,2,1.91,1,1,0,0,26.6,high
REQ-10677,flood,2,7.61,0,1,1,0,71.2,high
REQ-10678,cyclone,2,8.57,0,1,1,1,12.3,critical
REQ-10679,flood,157,7.91,0,0,0,0,36.7,high
REQ-10680,cyclone,16,8.46,0,1,1,1,57.0,critical
REQ-10681,cyclone,3,9.58,0,0,1,0,38.5,high
REQ-10682,tsunami,15,5.63,1,0,1,0,1.0,critical
REQ-10683,flood,4,8.07,1,1,1,0,25.7,critical
REQ-10684,cyclone,1,2.86,0,0,1,0,40.7,medium
REQ-10685,cyclone,3,3.14,0,0,1,0,63.8,medium
REQ-10686,earthquake,3,2.78,0,1,1,0,49.2,high
REQ-10687,earthquake,30,8.04,0,1,1,1,28.8,critical
REQ-10688,flood,7,9.75,0,1,1,1,71.9,critical
REQ-10689,cyclone,38,4.59,1,1,0,1,41.6,critical
REQ-10690,flood,44,7.98,0,1,1,0,42.8,critical
REQ-10691,flood,3,6.73,1,1,1,0,65.6,critical
REQ-10692,landslide,8,8.83,0,1,0,1,4.0,high
REQ-10693,flood,1,2.06,0,1,1,1,24.3,high
REQ-10694,cyclone,12,2.74,1,1,1,0,57.4,critical
REQ-10695,earthquake,282,6.62,0,1,1,0,3.2,critical
REQ-10696,tsunami,2,6.3,0,1,0,0,2.5,medium
REQ-10697,cyclone,3,9.07,0,0,0,1,10.0,high
REQ-10698,flood,10,7.01,0,0,1,0,24.7,high
REQ-10699,landslide,6,9.88,0,1,0,0,36.6,high
REQ-10700,flood,27,2.84,0,0,0,1,29.9,high
REQ-10701,earthquake,5,8.49,0,1,0,1,20.7,critical
REQ-10702,cyclone,15,7.23,0,1,0,0,50.2,high
REQ-10703,wildfire,4,5.4,1,0,0,0,70.4,high
REQ-10704,flood,2,3.67,0,0,1,0,29.3,medium
REQ-10705,wildfire,15,1.27,0,1,0,0,27.1,medium
REQ-10706,flood,156,5.38,1,0,1,0,60.1,critical
REQ-10707,wildfire,15,2.61,0,1,0,1,23.7,high
REQ-10708,earthquake,5,3.09,1,0,0,1,42.8,critical
REQ-10709,earthquake,3,3.28,0,0,1,1,29.7,high
REQ-10710,flood,10,5.41,0,1,1,1,44.2,critical
REQ-10711,earthquake,4,1.82,1,0,1,1,66.0,critical
REQ-10712,landslide,1,7.8,0,1,1,0,35.8,high
REQ-10713,landslide,7,1.43,0,1,1,1,38.5,high
REQ-10714,tsunami,36,7.9,1,0,1,0,57.4,critical
REQ-10715,wildfire,33,6.64,0,1,1,1,31.7,critical
REQ-10716,earthquake,50,5.32,0,1,1,1,69.9,critical
REQ-10717,earthquake,4,2.58,0,1,0,0,23.7,medium
REQ-10718,earthquake,12,8.57,1,1,1,1,8.8,critical
REQ-10719,landslide,46,7.9,1,1,1,1,67.1,critical
REQ-10720,tsunami,3,5.93,1,0,1,0,42.4,critical
REQ-10721,earthquake,9,4.99,1,0,0,1,66.9,critical
REQ-10722,wildfire,4,9.41,0,1,0,1,49.7,critical
REQ-10723,flood,32,8.93,0,1,1,1,6.1,critical
REQ-10724,earthquake,2,5.21,0,1,1,0,50.4,high
REQ-10725,flood,76,9.02,1,0,1,1,68.7,critical
REQ-10726,cyclone,4,5.61,1,1,0,1,57.8,critical
REQ-10727,earthquake,198,9.1,0,1,1,0,0.8,critical
REQ-10728,wildfire,18,7.32,1,0,0,0,50.5,critical
REQ-10729,flood,15,3.98,1,1,0,1,13.1,critical
REQ-10730,wildfire,7,2.77,0,1,1,0,33.6,high
REQ-10731,earthquake,4,8.81,0,1,1,0,65.5,critical
REQ-10732,tsunami,4,9.07,1,1,1,0,19.6,critical
REQ-10733,cyclone,15,9.45,0,1,0,1,28.5,critical
REQ-10734,landslide,15,9.77,1,1,1,1,62.1,critical
REQ-10735,tsunami,1,2.18,0,1,0,0,54.7,medium
REQ-10736,cyclone,3,4.61,0,1,0,0,3.2,medium
REQ-10737,wildfire,10,8.7,0,1,0,1,70.5,critical
REQ-10738,landslide,9,4.26,1,0,1,0,53.9,critical
REQ-10739,flood,37,2.57,0,0,0,1,60.7,high
REQ-10740,wildfire,9,6.55,1,0,0,1,21.7,critical
REQ-10741,cyclone,14,8.22,0,1,1,0,42.2,critical
REQ-10742,cyclone,4,1.73,0,1,1,1,69.6,critical
REQ-10743,flood,130,5.7,0,1,1,0,36.7,critical
REQ-10744,wildfire,27,1.11,1,1,1,0,3.1,critical
REQ-10745,flood,4,9.0,1,0,1,1,18.5,critical
REQ-10746,cyclone,32,7.54,0,0,1,1,45.6,critical
REQ-10747,wildfire,13,4.2,1,0,1,0,66.7,high
REQ-10748,cyclone,47,6.64,0,0,1,1,68.0,critical
REQ-10749,cyclone,25,1.79,0,1,0,0,20.8,high
REQ-10750,cyclone,22,8.94,0,1,1,0,56.5,critical
REQ-10751,wildfire,19,7.85,0,1,0,0,45.3,high
REQ-10752,tsunami,9,8.27,1,0,1,0,20.5,critical
REQ-10753,cyclone,4,9.82,0,0,0,0,39.9,high
REQ-10754,tsunami,1,2.63,1,1,1,0,53.2,critical
REQ-10755,tsunami,1,2.28,0,1,1,0,35.9,high
REQ-10756,cyclone,11,8.13,0,0,1,1,3.9,high
REQ-10757,landslide,2,4.81,0,0,1,1,65.9,high
REQ-10758,tsunami,9,5.3,1,0,0,1,28.3,critical
REQ-10759,earthquake,4,1.24,0,1,1,1,13.9,high
REQ-10760,cyclone,30,7.6,0,0,1,1,61.4,critical
REQ-10761,wildfire,2,6.36,1,1,0,0,18.4,critical
REQ-10762,cyclone,4,8.61,1,1,1,1,28.7,critical
REQ-10763,landslide,4,3.82,1,0,1,0,26.5,high
REQ-10764,landslide,13,6.42,1,1,0,0,68.0,critical
REQ-10765,wildfire,44,5.34,0,1,0,0,69.3,critical
REQ-10766,flood,1,6.68,1,0,0,0,10.0,high
REQ-10767,flood,1,7.01,0,0,1,0,10.2,medium
REQ-10768,wildfire,7,4.36,0,0,0,0,68.6,medium
REQ-10769,wildfire,11,5.49,0,0,0,1,71.0,high
REQ-10770,flood,10,1.91,0,1,1,0,33.9,high
REQ-10771,earthquake,2,2.83,0,0,1,1,13.2,high
REQ-10772,cyclone,5,3.65,1,1,1,0,21.3,critical
REQ-10773,cyclone,196,7.45,1,1,1,0,69.1,critical
REQ-10774,cyclone,27,7.68,0,0,1,0,40.1,high
REQ-10775,cyclone,3,9.91,0,1,1,1,39.7,critical
REQ-10776,landslide,31,2.93,1,1,1,1,29.8,critical
REQ-10777,wildfire,2,4.99,1,1,1,0,66.6,critical
REQ-10778,flood,3,2.03,0,0,1,1,63.8,high
REQ-10779,earthquake,21,7.97,0,0,1,0,53.7,high
REQ-10780,wildfire,2,4.36,1,0,0,0,66.4,high
REQ-10781,flood,9,5.33,1,0,1,1,37.9,critical
REQ-10782,flood,5,4.95,0,0,0,1,3.7,medium
REQ-10783,cyclone,11,5.87,1,1,1,0,24.2,critical
REQ-10784,wildfire,4,2.99,1,1,1,1,66.5,critical
REQ-10785,tsunami,13,5.23,1,0,1,1,56.4,critical
REQ-10786,earthquake,1,4.61,0,0,1,0,51.4,high
REQ-10787,wildfire,24,4.86,0,0,1,1,63.1,high
REQ-10788,earthquake,14,3.29,1,1,1,1,54.8,critical
REQ-10789,tsunami,2,7.89,0,1,0,0,35.6,high
REQ-10790,flood,1,2.84,1,0,1,0,52.8,high
REQ-10791,tsunami,15,6.62,0,1,1,1,33.9,critical
REQ-10792,earthquake,12,1.69,0,0,1,0,39.5,high
REQ-10793,cyclone,4,2.62,0,0,0,0,59.3,medium
REQ-10794,tsunami,15,6.36,1,0,0,1,20.5,critical
REQ-10795,cyclone,1,7.38,0,1,0,0,0.7,medium
REQ-10796,flood,8,7.9,0,1,0,0,48.8,high
REQ-10797,earthquake,8,6.4,1,1,0,1,12.8,critical
REQ-10798,tsunami,1,8.37,1,0,0,0,26.0,high
REQ-10799,tsunami,4,1.31,0,0,0,0,66.5,medium
REQ-10800,earthquake,196,6.39,0,1,0,1,65.4,critical
REQ-10801,cyclone,43,9.44,0,1,1,0,41.5,critical
REQ-10802,flood,4,5.3,1,1,0,1,10.4,critical
REQ-10803,cyclone,3,5.93,0,1,0,1,33.5,high
REQ-10804,flood,4,6.89,0,0,0,0,38.7,medium
REQ-10805,landslide,44,4.97,0,0,1,0,12.8,high
REQ-10806,wildfire,1,2.47,1,0,0,0,21.6,high
REQ-10807,flood,15,8.3,0,0,0,1,62.5,high
REQ-10808,tsunami,15,5.95,0,1,0,0,30.8,high
REQ-10809,cyclone,11,5.81,1,0,1,1,18.9,critical
REQ-10810,earthquake,4,7.56,1,1,0,0,10.0,critical
REQ-10811,tsunami,21,6.94,1,0,0,0,4.4,critical
REQ-10812,flood,248,2.03,0,0,0,1,47.1,critical
REQ-10813,landslide,11,9.44,1,1,0,1,54.2,critical
REQ-10814,earthquake,2,7.5,1,0,0,0,42.7,high
REQ-10815,landslide,48,9.12,1,1,1,0,47.7,critical
REQ-10816,landslide,8,1.96,1,0,0,1,19.1,high
REQ-10817,flood,4,2.25,1,1,1,1,37.4,critical
REQ-10818,landslide,43,1.45,0,1,1,0,13.7,high
REQ-10819,tsunami,7,7.69,0,1,1,0,55.4,critical
REQ-10820,tsunami,4,8.49,0,1,0,0,24.1,high
REQ-10821,flood,10,1.39,0,0,1,0,35.4,medium
REQ-10822,tsunami,4,9.22,0,1,0,0,0.4,high
REQ-10823,landslide,37,5.66,1,1,0,0,69.9,critical
REQ-10824,flood,1,4.49,1,1,1,0,2.9,critical
REQ-10825,cyclone,3,4.12,1,0,0,0,4.4,high
REQ-10826,landslide,1,7.49,0,1,1,0,37.1,high
REQ-10827,flood,1,6.91,0,1,0,0,68.4,high
REQ-10828,cyclone,12,2.59,0,1,0,1,40.3,high
REQ-10829,wildfire,9,1.3,1,0,1,1,11.5,high
REQ-10830,cyclone,4,1.83,1,1,1,0,24.1,critical
REQ-10831,wildfire,6,2.2,0,0,0,0,67.1,low
REQ-10832,cyclone,6,8.54,0,1,1,0,40.3,critical
REQ-10833,wildfire,3,9.51,0,1,1,0,65.4,high
REQ-10834,flood,3,7.79,0,0,1,0,57.0,high
REQ-10835,flood,43,9.98,1,0,0,0,33.7,critical
REQ-10836,earthquake,25,9.18,1,0,1,0,24.2,critical
REQ-10837,earthquake,19,5.95,1,1,0,1,5.5,critical
REQ-10838,earthquake,29,7.42,1,1,0,0,60.7,critical
REQ-10839,landslide,2,9.86,1,0,0,0,5.5,high
REQ-10840,flood,3,4.86,0,1,0,1,16.7,high
REQ-10841,wildfire,1,8.81,1,0,0,0,2.4,high
REQ-10842,cyclone,200,3.65,0,1,0,1,60.9,critical
REQ-10843,landslide,8,5.98,0,0,0,0,28.6,medium
REQ-10844,wildfire,28,7.84,1,0,0,1,3.5,critical
REQ-10845,landslide,194,6.4,0,0,1,0,57.4,critical
REQ-10846,earthquake,32,3.73,1,0,0,1,36.8,critical
REQ-10847,flood,1,5.87,0,1,0,1,22.6,high
REQ-10848,cyclone,9,1.26,0,1,0,0,13.7,medium
REQ-10849,wildfire,4,5.43,0,1,0,0,56.9,high
REQ-10850,wildfire,204,1.31,1,0,1,1,69.3,critical
REQ-10851,cyclone,5,6.43,1,1,0,0,66.3,critical
REQ-10852,landslide,166,6.32,0,0,0,0,45.9,high
REQ-10853,earthquake,4,2.69,0,1,0,1,47.5,high
REQ-10854,landslide,12,8.38,0,0,1,0,28.4,high
REQ-10855,landslide,22,4.6,0,1,1,0,70.4,high
REQ-10856,tsunami,23,8.34,0,1,0,1,22.7,critical
REQ-10857,tsunami,8,8.08,1,1,0,0,7.8,critical
REQ-10858,wildfire,4,9.61,0,1,0,0,49.2,high
REQ-10859,cyclone,9,2.02,1,1,1,0,32.6,critical
REQ-10860,cyclone,42,6.24,0,1,1,1,59.8,critical
REQ-10861,flood,4,7.95,0,1,0,1,41.8,critical
REQ-10862,cyclone,1,3.28,1,1,1,0,31.7,critical
REQ-10863,flood,15,4.49,0,0,1,0,2.4,medium
REQ-10864,earthquake,12,9.83,0,1,0,1,53.1,critical
REQ-10865,cyclone,4,5.09,0,0,0,1,58.6,high
REQ-10866,landslide,4,7.1,0,0,1,0,44.9,high
REQ-10867,cyclone,9,9.83,0,0,1,0,4.0,high
REQ-10868,landslide,107,2.87,1,1,1,0,42.0,critical
REQ-10869,landslide,13,1.21,1,1,0,0,36.2,high
REQ-10870,cyclone,4,7.77,1,1,1,1,32.4,critical
REQ-10871,earthquake,10,4.18,0,1,1,0,5.5,high
REQ-10872,cyclone,5,3.25,1,1,1,0,69.1,critical
REQ-10873,earthquake,60,7.8,0,1,1,0,55.8,critical
REQ-10874,cyclone,16,1.15,0,1,0,1,52.1,high
REQ-10875,earthquake,5,4.85,0,1,0,0,10.5,medium
REQ-10876,flood,228,1.21,0,0,0,1,12.1,high
REQ-10877,wildfire,14,4.71,0,0,1,1,35.5,high
REQ-10878,earthquake,1,3.37,0,1,0,0,22.4,medium
REQ-10879,earthquake,4,8.61,0,1,1,0,49.7,critical
REQ-10880,wildfire,5,8.63,1,1,1,1,51.7,critical
REQ-10881,flood,10,6.86,0,0,0,1,10.9,high
REQ-10882,wildfire,13,7.72,1,1,1,0,36.9,critical
REQ-10883,wildfire,8,1.55,0,0,0,0,10.4,low
REQ-10884,earthquake,37,9.66,0,0,0,1,28.5,critical
REQ-10885,tsunami,35,9.85,0,1,1,0,13.2,critical
REQ-10886,wildfire,8,9.98,1,1,1,1,13.7,critical
REQ-10887,landslide,9,5.43,0,1,1,1,0.6,high
REQ-10888,tsunami,4,4.42,0,1,1,1,57.3,critical
REQ-10889,wildfire,2,4.06,0,1,1,0,69.9,high
REQ-10890,tsunami,1,5.62,0,0,1,1,39.5,high
REQ-10891,wildfire,6,9.5,1,1,0,0,32.6,critical
REQ-10892,landslide,1,6.97,1,1,1,1,20.4,critical
REQ-10893,landslide,6,5.17,1,1,1,1,10.1,critical
REQ-10894,wildfire,2,3.58,0,1,0,1,8.0,high
REQ-10895,flood,47,3.98,1,1,1,0,5.5,critical
REQ-10896,wildfire,7,7.62,0,0,0,0,56.3,medium
REQ-10897,landslide,4,3.14,1,0,1,1,32.4,critical
REQ-10898,earthquake,4,7.55,0,1,0,0,55.3,high
REQ-10899,cyclone,3,5.07,1,1,0,0,49.4,critical
REQ-10900,cyclone,15,1.87,0,1,1,0,56.2,high
REQ-10901,flood,12,8.27,0,1,0,1,40.1,critical
REQ-10902,landslide,18,9.18,0,1,0,1,7.3,critical
REQ-10903,landslide,1,9.88,0,1,1,0,68.7,high
REQ-10904,cyclone,2,4.42,1,1,0,1,30.1,critical
REQ-10905,flood,43,6.4,0,1,1,0,19.6,critical
REQ-10906,landslide,40,2.2,0,1,0,0,17.7,high
REQ-10907,tsunami,37,3.75,1,1,0,1,13.8,critical
REQ-10908,flood,41,9.3,1,1,0,1,53.6,critical
REQ-10909,flood,35,2.84,0,1,1,0,49.2,critical
REQ-10910,flood,4,6.45,1,0,0,0,54.0,high
REQ-10911,landslide,35,4.82,0,1,1,1,2.4,critical
REQ-10912,tsunami,4,9.68,1,1,0,0,56.2,critical
REQ-10913,wildfire,4,7.37,0,1,1,0,56.7,high
REQ-10914,cyclone,1,2.35,0,1,1,0,28.1,medium
REQ-10915,flood,5,5.2,0,0,0,0,35.3,medium
REQ-10916,earthquake,1,8.83,0,1,1,0,8.2,high
REQ-10917,flood,4,2.0,0,1,1,0,62.3,high
REQ-10918,wildfire,11,9.82,1,1,0,0,13.4,critical
REQ-10919,tsunami,22,4.37,0,0,1,1,30.5,critical
REQ-10920,cyclone,1,8.46,1,0,1,0,72.0,critical
REQ-10921,landslide,1,3.84,1,1,1,0,56.4,critical
REQ-10922,wildfire,44,8.36,1,1,0,0,51.5,critical
REQ-10923,earthquake,49,9.17,1,1,0,0,46.1,critical
REQ-10924,cyclone,1,6.29,0,0,1,1,62.8,high
REQ-10925,cyclone,3,4.92,0,1,1,1,68.1,critical
REQ-10926,flood,5,5.2,1,1,1,0,42.3,critical
REQ-10927,tsunami,4,4.78,1,1,0,1,5.6,critical
REQ-10928,cyclone,5,6.17,0,1,1,0,37.2,high
REQ-10929,cyclone,12,5.7,0,0,1,1,36.7,high
REQ-10930,wildfire,4,8.45,0,1,1,1,18.3,critical
REQ-10931,cyclone,10,6.3,1,1,1,1,2.4,critical
REQ-10932,tsunami,1,4.12,1,0,0,0,35.3,high
REQ-10933,flood,12,9.54,1,0,1,1,53.8,critical
REQ-10934,wildfire,26,5.49,1,0,1,1,56.2,critical
REQ-10935,earthquake,2,5.85,1,0,1,0,56.2,critical
REQ-10936,flood,14,4.34,1,1,0,0,57.3,critical
REQ-10937,cyclone,2,2.15,0,0,1,1,18.3,high
REQ-10938,tsunami,1,9.4,0,1,1,0,15.2,high
REQ-10939,tsunami,24,3.77,1,1,0,0,65.7,critical
REQ-10940,flood,1,6.56,0,1,1,0,22.1,high
REQ-10941,cyclone,4,6.38,0,0,0,1,9.2,medium
REQ-10942,earthquake,2,4.34,0,1,1,1,42.9,critical
REQ-10943,landslide,4,9.52,0,1,1,1,45.4,critical
REQ-10944,cyclone,20,1.32,1,0,0,0,31.8,critical
REQ-10945,cyclone,3,5.08,1,1,0,0,34.2,critical
REQ-10946,wildfire,1,4.2,0,1,0,0,6.5,medium
REQ-10947,tsunami,1,9.39,0,1,1,0,13.6,high
REQ-10948,tsunami,4,1.79,0,0,0,1,0.3,medium
REQ-10949,flood,10,7.11,1,0,0,1,5.4,critical
REQ-10950,wildfire,3,1.2,0,1,1,0,45.4,high
REQ-10951,cyclone,4,8.96,1,0,1,0,8.0,critical
REQ-10952,landslide,4,1.89,0,1,0,1,8.4,high
REQ-10953,flood,6,7.41,1,1,1,0,0.3,critical
REQ-10954,cyclone,14,1.21,1,0,1,1,27.4,critical
REQ-10955,tsunami,1,9.19,0,1,0,1,49.4,critical
REQ-10956,flood,8,2.86,0,1,1,0,63.0,high
REQ-10957,wildfire,1,5.6,0,1,1,1,7.5,high
REQ-10958,cyclone,11,1.76,0,1,1,1,14.3,high
REQ-10959,wildfire,10,3.75,0,1,1,1,49.5,critical
REQ-10960,wildfire,11,4.82,0,0,0,0,72.0,medium
REQ-10961,earthquake,33,6.77,0,1,1,1,20.2,critical
REQ-10962,landslide,1,9.7,0,0,0,1,13.1,high
REQ-10963,flood,3,8.15,0,1,1,1,44.0,critical
REQ-10964,landslide,38,7.24,1,0,1,0,61.5,critical
REQ-10965,landslide,13,7.46,1,1,1,0,63.4,critical
REQ-10966,flood,9,5.92,0,1,0,1,10.0,high
REQ-10967,wildfire,45,5.76,0,0,1,0,26.9,high
REQ-10968,flood,27,6.34,0,1,0,0,35.7,high
REQ-10969,earthquake,29,3.21,1,0,1,0,13.6,critical
REQ-10970,flood,4,3.69,0,1,1,0,34.0,high
REQ-10971,wildfire,13,8.17,0,0,1,0,36.4,high
REQ-10972,tsunami,4,7.81,1,0,1,0,27.6,critical
REQ-10973,cyclone,2,3.35,1,1,0,0,29.2,high
REQ-10974,landslide,17,5.71,1,1,0,1,4.2,critical
REQ-10975,landslide,3,8.72,0,1,1,1,68.4,critical
REQ-10976,flood,3,5.15,0,1,0,1,64.8,high
REQ-10977,wildfire,11,5.74,0,1,0,0,37.4,high
REQ-10978,wildfire,27,2.07,0,1,1,1,63.1,critical
REQ-10979,flood,7,7.02,0,1,0,1,25.0,critical
REQ-10980,earthquake,13,9.12,0,1,0,0,58.8,critical
REQ-10981,flood,280,5.24,0,0,1,0,41.6,critical
REQ-10982,tsunami,4,4.52,1,0,1,0,15.1,high
REQ-10983,earthquake,34,8.4,1,1,1,0,67.7,critical
REQ-10984,wildfire,5,2.68,0,1,1,0,52.5,high
REQ-10985,earthquake,1,9.25,1,1,1,0,12.9,critical
REQ-10986,landslide,8,4.87,1,1,1,0,59.7,critical
REQ-10987,landslide,4,8.53,0,1,0,0,66.6,high
REQ-10988,tsunami,37,9.75,0,1,1,1,49.5,critical
REQ-10989,flood,32,6.9,0,1,1,0,42.2,critical
REQ-10990,tsunami,3,1.29,1,1,1,1,5.9,critical
REQ-10991,wildfire,10,7.79,1,1,0,0,23.3,critical
REQ-10992,cyclone,38,3.69,0,0,0,0,22.6,high
REQ-10993,tsunami,36,1.55,1,0,0,0,2.2,critical
REQ-10994,cyclone,1,2.83,0,0,1,0,3.6,medium
REQ-10995,landslide,13,9.72,0,1,0,0,57.8,high
REQ-10996,cyclone,5,9.48,1,1,0,0,68.0,critical
REQ-10997,cyclone,212,1.58,1,0,1,0,0.6,critical
REQ-10998,wildfire,36,6.0,0,1,1,0,6.0,high
REQ-10999,wildfire,1,9.7,0,1,0,1,55.5,critical
REQ-11000,tsunami,4,2.76,0,0,1,1,70.5,high
REQ-11001,flood,1,4.58,0,1,1,0,26.6,high
REQ-11002,wildfire,4,9.67,0,0,0,1,41.8,high
REQ-11003,wildfire,6,4.61,1,0,0,0,13.4,high
REQ-11004,landslide,9,9.22,0,1,1,0,48.8,high
REQ-11005,earthquake,3,8.94,1,1,0,0,37.1,critical
REQ-11006,flood,59,9.11,0,0,1,0,16.6,critical
REQ-11007,wildfire,4,6.54,0,0,0,0,56.7,medium
REQ-11008,flood,2,4.18,0,0,1,1,19.3,high
REQ-11009,earthquake,177,1.57,1,1,0,0,9.9,critical
REQ-11010,wildfire,12,2.51,0,1,0,0,64.9,high
REQ-11011,cyclone,29,1.53,0,0,0,0,45.5,medium
REQ-11012,wildfire,55,1.75,0,0,1,0,51.8,high
REQ-11013,flood,163,9.82,1,1,1,0,57.6,critical
REQ-11014,cyclone,4,6.93,1,0,1,0,15.0,critical
REQ-11015,flood,8,1.97,1,1,0,1,35.7,critical
REQ-11016,landslide,20,4.22,0,1,1,0,25.9,high
REQ-11017,cyclone,13,8.43,0,1,1,0,18.7,high
REQ-11018,earthquake,33,2.89,0,0,1,0,70.7,high
REQ-11019,earthquake,41,9.36,0,1,0,1,38.6,critical
REQ-11020,cyclone,15,6.24,1,1,0,1,62.3,critical
REQ-11021,cyclone,2,7.64,0,0,0,0,35.2,medium
REQ-11022,landslide,44,6.25,1,1,1,0,37.4,critical
REQ-11023,wildfire,7,6.82,1,1,1,1,30.5,critical
REQ-11024,landslide,9,5.77,0,1,0,0,21.5,medium
REQ-11025,cyclone,40,5.71,0,1,0,0,45.7,critical
REQ-11026,earthquake,272,1.09,0,0,1,0,44.1,high
REQ-11027,cyclone,9,7.83,1,1,1,1,38.6,critical
REQ-11028,tsunami,162,4.69,0,1,0,0,27.7,critical
REQ-11029,flood,1,7.04,0,1,0,1,71.8,high
REQ-11030,cyclone,4,5.8,1,1,0,0,35.7,critical
REQ-11031,wildfire,42,7.17,0,0,0,0,14.3,high
REQ-11032,tsunami,22,2.09,0,1,0,1,55.3,critical
REQ-11033,cyclone,11,4.7,1,0,0,0,12.0,high
REQ-11034,cyclone,2,6.7,0,0,0,0,3.9,medium
REQ-11035,tsunami,249,2.99,0,0,1,0,68.3,high
REQ-11036,tsunami,12,1.82,1,0,0,0,7.7,high
REQ-11037,cyclone,14,5.15,0,1,1,0,63.1,high
REQ-11038,tsunami,35,5.75,1,1,1,1,5.2,critical
REQ-11039,wildfire,11,8.96,0,1,1,1,17.2,critical
REQ-11040,tsunami,6,4.14,1,1,0,1,29.4,critical
REQ-11041,cyclone,246,1.14,0,1,0,0,68.8,critical
REQ-11042,tsunami,14,5.18,0,1,0,1,17.8,critical
REQ-11043,earthquake,6,6.48,0,1,0,0,57.7,high
REQ-11044,wildfire,6,6.03,1,1,1,0,56.5,critical
REQ-11045,wildfire,13,7.04,0,1,1,0,55.2,high
REQ-11046,wildfire,2,7.67,1,0,1,0,15.4,high
REQ-11047,flood,6,8.33,1,1,1,1,31.1,critical
REQ-11048,landslide,3,9.6,0,0,1,1,42.2,high
REQ-11049,wildfire,11,6.29,0,1,0,1,47.1,high
REQ-11050,tsunami,47,7.44,0,1,1,1,9.6,critical
REQ-11051,landslide,9,7.89,0,0,1,0,58.2,high
REQ-11052,flood,4,8.2,1,0,0,1,65.8,critical
REQ-11053,earthquake,2,7.0,0,1,0,0,18.3,high
REQ-11054,cyclone,3,6.6,1,1,0,0,22.1,critical
REQ-11055,flood,26,6.09,0,1,1,0,37.0,critical
REQ-11056,landslide,13,2.5,1,1,0,0,10.6,high
REQ-11057,flood,2,6.1,1,0,1,0,6.7,high
REQ-11058,tsunami,2,8.73,0,0,0,0,39.9,medium
REQ-11059,landslide,9,8.25,1,0,1,0,20.9,high
REQ-11060,tsunami,12,2.92,1,0,1,0,4.7,high
REQ-11061,tsunami,14,3.24,1,0,1,0,13.3,critical
REQ-11062,cyclone,1,9.77,1,1,1,1,3.1,critical
REQ-11063,tsunami,4,8.75,0,1,0,0,21.7,high
REQ-11064,earthquake,5,8.08,0,0,0,0,1.2,medium
REQ-11065,landslide,9,7.23,0,1,1,1,15.9,critical
REQ-11066,landslide,9,6.26,1,1,1,0,47.1,critical
REQ-11067,landslide,26,8.23,0,0,0,0,28.3,high
REQ-11068,cyclone,8,2.88,1,1,0,0,22.2,critical
REQ-11069,landslide,47,7.84,0,1,0,0,33.0,critical
REQ-11070,flood,282,9.23,1,0,1,0,39.6,critical
REQ-11071,earthquake,27,7.19,0,0,0,0,42.9,high
REQ-11072,tsunami,21,1.74,0,1,1,0,50.5,high
REQ-11073,cyclone,3,8.57,1,0,0,0,27.2,high
REQ-11074,wildfire,24,6.54,1,0,0,0,58.1,critical
REQ-11075,earthquake,6,3.4,1,1,0,0,69.8,critical
REQ-11076,flood,1,5.68,0,0,1,0,5.1,medium
REQ-11077,landslide,1,2.98,1,1,1,0,32.4,critical
REQ-11078,earthquake,39,1.34,0,0,1,0,23.0,high
REQ-11079,cyclone,23,4.56,0,0,0,1,62.9,high
REQ-11080,wildfire,4,2.81,0,0,0,0,11.3,low
REQ-11081,wildfire,1,8.68,0,0,1,0,14.6,medium
REQ-11082,tsunami,4,2.65,0,1,1,0,53.9,high
REQ-11083,landslide,34,1.28,0,0,1,1,50.7,high
REQ-11084,flood,6,2.82,0,1,1,0,35.0,high
REQ-11085,cyclone,4,6.39,0,1,0,0,25.5,high
REQ-11086,cyclone,9,3.37,0,0,0,1,22.0,high
REQ-11087,flood,2,4.57,0,0,1,0,4.1,medium
REQ-11088,wildfire,42,5.87,0,0,0,0,5.9,high
REQ-11089,wildfire,195,7.74,0,0,1,1,63.9,critical
REQ-11090,earthquake,43,4.68,0,1,1,1,10.0,critical
REQ-11091,cyclone,15,8.33,0,0,0,1,12.8,high
REQ-11092,cyclone,1,6.76,0,0,0,0,33.7,medium
REQ-11093,landslide,232,4.55,0,1,0,0,49.8,critical
REQ-11094,cyclone,1,9.4,0,0,1,0,61.6,high
REQ-11095,landslide,7,8.34,0,1,1,0,18.7,high
REQ-11096,cyclone,11,5.9,1,0,0,0,63.5,critical
REQ-11097,flood,1,1.23,0,0,1,0,61.3,medium
REQ-11098,cyclone,44,8.86,0,0,1,0,40.1,critical
REQ-11099,flood,1,7.78,0,0,0,0,70.0,medium
REQ-11100,earthquake,30,8.14,0,1,0,0,38.1,critical
REQ-11101,tsunami,2,9.89,0,1,0,0,54.0,high
REQ-11102,landslide,1,9.48,1,0,0,0,46.0,high
REQ-11103,landslide,12,2.47,1,0,1,0,10.4,high
REQ-11104,cyclone,89,4.71,1,1,1,0,30.7,critical
REQ-11105,landslide,2,2.07,0,1,0,0,38.2,medium
REQ-11106,tsunami,7,8.77,0,0,1,0,20.8,high
REQ-11107,wildfire,8,3.37,0,0,0,1,18.5,medium
REQ-11108,tsunami,1,4.23,0,0,0,1,33.0,high
REQ-11109,wildfire,6,7.1,1,1,0,0,60.2,critical
REQ-11110,cyclone,27,2.14,0,1,0,1,20.2,critical
REQ-11111,wildfire,43,1.86,1,1,1,1,51.2,critical
REQ-11112,landslide,3,9.62,1,1,0,0,29.0,critical
REQ-11113,landslide,28,2.74,1,0,0,1,43.3,critical
REQ-11114,earthquake,1,2.03,0,0,0,0,46.9,medium
REQ-11115,cyclone,3,5.19,1,1,1,0,27.4,critical
REQ-11116,landslide,188,8.42,1,1,1,0,40.1,critical
REQ-11117,cyclone,17,3.2,1,0,0,1,28.1,critical
REQ-11118,earthquake,5,7.42,0,1,0,0,21.2,high
REQ-11119,earthquake,3,3.16,0,1,1,0,0.2,high
REQ-11120,flood,18,5.31,0,1,0,0,42.5,high
REQ-11121,earthquake,22,2.53,1,1,1,1,27.3,critical
REQ-11122,cyclone,11,5.26,1,1,1,1,71.9,critical
REQ-11123,tsunami,43,7.1,0,1,1,0,34.3,critical
REQ-11124,cyclone,8,3.26,0,0,0,0,36.7,medium
REQ-11125,flood,229,3.93,0,0,1,1,4.3,critical
REQ-11126,cyclone,15,8.19,1,1,1,0,9.5,critical
REQ-11127,landslide,11,4.93,0,1,0,1,9.3,high
REQ-11128,landslide,37,1.23,1,1,1,1,6.9,critical
REQ-11129,wildfire,6,3.27,1,1,0,0,65.7,critical
REQ-11130,cyclone,234,1.34,0,0,1,0,64.5,high
REQ-11131,wildfire,251,2.01,1,1,0,0,54.6,critical
REQ-11132,flood,1,3.5,1,1,0,1,23.3,critical
REQ-11133,wildfire,3,2.15,1,1,1,0,49.8,critical
REQ-11134,tsunami,245,2.6,0,1,1,0,14.6,critical
REQ-11135,flood,1,5.44,0,1,0,0,17.7,medium
REQ-11136,landslide,268,3.51,0,0,0,0,51.5,high
REQ-11137,flood,8,2.54,0,1,1,1,9.7,high
REQ-11138,cyclone,31,3.14,0,1,0,1,69.7,critical
REQ-11139,wildfire,6,9.12,0,0,0,0,69.8,medium
REQ-11140,earthquake,3,9.05,0,1,1,1,62.2,critical
REQ-11141,landslide,39,6.15,0,0,1,0,63.2,high
REQ-11142,wildfire,2,3.58,1,1,0,1,37.4,critical
REQ-11143,tsunami,5,2.76,1,0,1,1,31.5,critical
REQ-11144,flood,44,6.11,0,1,0,0,53.4,critical
REQ-11145,landslide,2,7.38,0,0,1,0,59.3,medium
REQ-11146,cyclone,200,6.52,1,1,0,0,9.5,critical
REQ-11147,tsunami,20,8.72,0,0,0,0,33.9,high
REQ-11148,tsunami,6,2.25,0,0,0,0,29.5,medium
REQ-11149,landslide,3,6.04,0,0,1,1,37.0,high
REQ-11150,cyclone,13,3.93,1,1,0,1,61.7,critical
REQ-11151,cyclone,48,2.04,1,1,0,0,12.7,critical
REQ-11152,cyclone,8,4.19,0,1,1,1,52.8,critical
REQ-11153,earthquake,2,1.81,0,1,1,0,0.6,medium
REQ-11154,flood,29,4.93,1,0,0,1,71.0,critical
REQ-11155,cyclone,14,2.71,0,1,0,0,21.6,high
REQ-11156,wildfire,114,3.02,1,1,1,0,5.9,critical
REQ-11157,wildfire,3,7.39,0,0,0,1,43.2,high
REQ-11158,flood,26,6.07,0,1,1,0,42.2,critical
REQ-11159,earthquake,9,8.89,1,1,1,1,44.0,critical
REQ-11160,earthquake,3,6.43,0,1,1,0,24.3,high
REQ-11161,wildfire,171,2.53,0,1,1,1,68.9,critical
REQ-11162,flood,27,9.62,1,0,0,0,55.1,critical
REQ-11163,cyclone,40,9.05,1,0,1,1,42.5,critical
REQ-11164,cyclone,12,8.74,1,0,0,1,66.7,critical
REQ-11165,landslide,3,7.93,1,1,1,1,10.0,critical
REQ-11166,wildfire,7,7.45,1,0,1,0,24.2,high
REQ-11167,wildfire,158,8.15,0,1,1,1,4.2,critical
REQ-11168,wildfire,7,2.79,1,1,1,0,65.5,critical
REQ-11169,landslide,10,2.74,0,0,0,1,11.2,medium
REQ-11170,earthquake,1,6.33,0,1,1,0,64.6,high
REQ-11171,cyclone,280,3.56,0,1,1,0,10.3,critical
REQ-11172,wildfire,49,8.18,1,0,0,0,47.7,critical
REQ-11173,wildfire,23,5.95,1,0,1,0,18.8,critical
REQ-11174,cyclone,276,9.38,1,1,1,1,28.1,critical
REQ-11175,earthquake,10,5.02,1,0,1,0,51.4,critical
REQ-11176,cyclone,4,9.67,1,1,1,0,70.6,critical
REQ-11177,wildfire,10,8.2,0,1,1,1,45.2,critical
REQ-11178,earthquake,4,7.98,0,1,0,1,25.3,critical
REQ-11179,earthquake,9,2.38,1,0,1,0,41.0,critical
REQ-11180,cyclone,24,7.53,1,0,1,0,0.5,critical
REQ-11181,landslide,49,1.51,0,1,1,1,67.3,critical
REQ-11182,earthquake,109,3.03,0,1,1,0,27.1,critical
REQ-11183,earthquake,12,6.17,1,1,0,1,5.9,critical
REQ-11184,cyclone,11,1.15,0,1,1,0,40.7,high
REQ-11185,flood,8,1.08,1,1,1,0,22.2,critical
REQ-11186,landslide,10,3.41,0,0,0,0,18.1,low
REQ-11187,cyclone,6,4.06,1,1,1,0,66.1,critical
REQ-11188,flood,14,5.11,0,1,0,0,10.6,high
REQ-11189,flood,50,5.47,0,0,1,0,9.0,high
REQ-11190,flood,10,5.37,0,1,0,0,14.2,high
REQ-11191,flood,4,1.74,1,0,1,0,41.6,high
REQ-11192,landslide,29,6.56,1,1,0,0,8.8,critical
REQ-11193,earthquake,1,1.82,1,0,0,0,28.3,high
REQ-11194,earthquake,6,2.99,0,1,1,1,43.2,critical
REQ-11195,flood,162,1.66,1,1,1,1,30.2,critical
REQ-11196,cyclone,4,3.77,1,0,0,0,36.5,high
REQ-11197,flood,159,3.31,1,0,0,0,65.5,critical
REQ-11198,flood,4,2.25,0,1,1,1,50.8,critical
REQ-11199,cyclone,36,4.34,1,1,1,1,56.9,critical
REQ-11200,wildfire,12,7.18,0,0,0,0,46.2,medium
REQ-11201,earthquake,1,4.31,0,1,1,1,31.4,critical
REQ-11202,landslide,4,6.39,0,0,0,0,6.9,medium
REQ-11203,wildfire,44,2.44,0,0,0,0,61.4,high
REQ-11204,tsunami,15,2.18,0,1,0,0,44.8,high
REQ-11205,earthquake,8,5.03,1,1,1,0,67.8,critical
REQ-11206,flood,15,7.36,0,0,0,1,25.4,high
REQ-11207,flood,4,2.28,0,1,1,1,69.1,critical
REQ-11208,earthquake,2,5.47,0,0,1,0,23.3,medium
REQ-11209,flood,4,9.7,1,1,1,0,37.9,critical
REQ-11210,tsunami,2,4.97,0,0,0,1,21.4,high
REQ-11211,wildfire,8,8.77,1,1,0,1,8.7,critical
REQ-11212,tsunami,5,2.2,1,0,1,0,2.8,high
REQ-11213,flood,43,3.25,0,1,0,0,9.4,high
REQ-11214,tsunami,5,6.39,1,1,1,0,5.8,critical
REQ-11215,flood,1,1.22,0,1,0,0,22.9,medium
REQ-11216,flood,14,4.01,0,1,0,1,63.1,critical
REQ-11217,cyclone,1,2.1,0,1,0,0,47.1,medium
REQ-11218,flood,30,8.02,1,1,1,0,46.9,critical
REQ-11219,landslide,8,2.24,0,1,0,0,53.0,medium
REQ-11220,tsunami,4,9.19,1,1,1,0,28.0,critical
REQ-11221,cyclone,8,1.38,1,0,0,0,13.2,high
REQ-11222,tsunami,126,6.8,0,0,0,0,71.3,critical
REQ-11223,landslide,19,2.74,0,1,1,0,28.1,high
REQ-11224,earthquake,3,7.64,0,1,0,0,4.5,high
REQ-11225,landslide,4,3.27,0,1,1,1,30.3,high
REQ-11226,tsunami,6,3.33,0,0,0,0,13.7,medium
REQ-11227,tsunami,40,5.78,1,0,0,0,70.9,critical
REQ-11228,landslide,4,8.54,0,1,0,0,68.0,high
REQ-11229,earthquake,133,8.53,0,1,0,1,9.4,critical
REQ-11230,flood,10,4.91,0,1,1,0,58.5,high
REQ-11231,cyclone,39,7.06,0,1,0,1,50.7,critical
REQ-11232,earthquake,6,2.24,0,1,1,1,44.6,critical
REQ-11233,tsunami,8,1.21,1,0,0,0,24.0,high
REQ-11234,flood,224,7.51,1,1,1,1,13.5,critical
REQ-11235,tsunami,27,2.84,1,1,1,0,20.2,critical
REQ-11236,cyclone,1,2.0,0,1,0,0,8.2,medium
REQ-11237,flood,3,8.68,0,1,1,1,23.1,critical
REQ-11238,tsunami,2,7.38,0,1,0,1,31.7,critical
REQ-11239,earthquake,8,9.07,0,1,1,1,71.2,critical
REQ-11240,cyclone,4,9.36,1,1,0,0,49.3,critical
REQ-11241,tsunami,13,2.19,0,1,1,0,18.2,high
REQ-11242,earthquake,40,6.93,1,1,0,0,57.7,critical
REQ-11243,wildfire,4,9.05,0,1,1,0,53.0,high
REQ-11244,tsunami,50,4.57,1,0,0,0,63.9,critical
REQ-11245,wildfire,14,4.46,0,1,0,0,34.8,high
REQ-11246,earthquake,4,6.35,1,0,0,0,44.5,high
REQ-11247,flood,4,5.75,1,1,0,1,27.3,critical
REQ-11248,wildfire,58,9.83,0,1,1,0,24.3,critical
REQ-11249,wildfire,9,2.24,0,0,0,0,63.4,low
REQ-11250,flood,4,3.7,0,0,1,1,26.7,high
REQ-11251,tsunami,7,8.45,0,1,1,0,0.6,high
REQ-11252,landslide,1,9.43,1,0,0,0,31.2,high
REQ-11253,flood,172,2.89,0,0,1,1,26.2,critical
REQ-11254,cyclone,46,6.36,0,0,1,1,29.0,critical
REQ-11255,flood,3,5.62,0,0,1,0,16.0,medium
REQ-11256,landslide,4,8.26,1,1,1,0,3.9,critical
REQ-11257,flood,7,6.1,0,1,1,1,39.8,critical
REQ-11258,tsunami,16,9.0,0,0,1,0,47.7,high
REQ-11259,wildfire,3,1.04,1,0,0,0,31.6,medium
REQ-11260,cyclone,24,6.51,0,1,0,0,50.4,high
REQ-11261,landslide,45,2.19,0,0,1,0,48.8,high
REQ-11262,wildfire,14,3.84,0,1,0,1,4.6,high
REQ-11263,landslide,4,5.2,0,1,1,1,64.1,critical
REQ-11264,wildfire,62,1.43,0,1,0,1,13.0,critical
REQ-11265,landslide,4,7.9,1,1,1,1,61.7,critical
REQ-11266,cyclone,12,1.8,1,1,0,1,41.7,critical
REQ-11267,cyclone,14,2.29,0,1,0,0,34.9,high
REQ-11268,wildfire,1,5.51,1,1,0,1,55.7,critical
REQ-11269,flood,1,9.64,1,0,1,0,46.3,critical
REQ-11270,tsunami,63,1.45,0,1,1,0,54.6,critical
REQ-11271,tsunami,1,2.51,0,0,1,0,65.4,medium
REQ-11272,tsunami,8,5.85,1,1,1,0,10.2,critical
REQ-11273,flood,214,1.41,1,1,0,0,20.1,critical
REQ-11274,wildfire,31,4.74,0,0,1,1,26.5,critical
REQ-11275,cyclone,3,1.73,0,1,0,1,31.7,high
REQ-11276,landslide,2,1.99,0,0,0,0,12.0,low
REQ-11277,tsunami,1,4.0,0,0,1,1,2.1,high
REQ-11278,earthquake,17,3.3,0,0,1,0,45.5,high
REQ-11279,earthquake,5,9.37,0,1,1,1,64.2,critical
REQ-11280,landslide,15,1.38,0,0,1,1,26.0,high
REQ-11281,flood,14,9.82,1,1,1,0,5.0,critical
REQ-11282,wildfire,84,7.89,0,0,1,1,42.2,critical
REQ-11283,cyclone,197,9.51,0,0,0,1,8.6,critical
REQ-11284,earthquake,22,9.64,1,1,0,0,27.2,critical
REQ-11285,wildfire,33,4.88,0,0,1,1,2.1,high
REQ-11286,cyclone,13,1.62,0,1,1,1,59.7,critical
REQ-11287,cyclone,13,1.98,0,0,1,0,28.6,medium
REQ-11288,wildfire,13,3.79,0,1,1,1,27.6,critical
REQ-11289,flood,6,8.0,0,0,0,1,72.0,high
REQ-11290,tsunami,3,8.1,1,0,1,0,65.5,critical
REQ-11291,wildfire,5,1.75,1,0,0,1,35.6,high
REQ-11292,earthquake,10,7.25,1,1,1,1,29.4,critical
REQ-11293,wildfire,167,5.15,0,1,1,0,56.4,critical
REQ-11294,cyclone,46,4.21,0,1,1,0,34.7,critical
REQ-11295,wildfire,1,6.52,1,1,1,0,9.0,critical
REQ-11296,cyclone,12,8.07,0,0,1,0,67.2,high
REQ-11297,wildfire,8,1.66,0,0,0,0,5.8,low
REQ-11298,flood,3,8.06,1,0,0,0,42.4,critical
REQ-11299,tsunami,7,4.5,1,0,1,0,2.0,high
REQ-11300,wildfire,2,1.51,0,0,0,1,0.2,medium
REQ-11301,cyclone,2,3.71,0,0,0,1,16.4,medium
REQ-11302,wildfire,36,4.3,0,1,0,0,33.7,high
REQ-11303,cyclone,1,1.37,0,0,1,1,30.7,high
REQ-11304,wildfire,6,4.56,0,0,1,1,28.8,high
REQ-11305,tsunami,2,4.69,1,1,0,1,16.0,critical
REQ-11306,cyclone,14,2.99,1,0,0,1,54.6,critical
REQ-11307,flood,5,1.91,0,0,1,1,53.4,high
REQ-11308,earthquake,2,5.24,0,0,1,1,7.6,high
REQ-11309,tsunami,9,6.61,0,0,1,0,31.9,high
REQ-11310,cyclone,41,8.98,0,0,1,0,55.7,critical
REQ-11311,cyclone,103,9.72,0,0,1,0,57.9,critical
REQ-11312,tsunami,48,1.49,1,1,1,1,60.0,critical
REQ-11313,earthquake,12,1.53,0,0,0,0,33.3,medium
REQ-11314,earthquake,3,3.23,0,1,0,0,60.1,high
REQ-11315,wildfire,14,7.44,0,1,0,1,33.1,critical
REQ-11316,landslide,2,8.45,0,0,0,0,50.8,medium
REQ-11317,cyclone,101,5.18,0,1,0,0,42.4,critical
REQ-11318,earthquake,10,1.35,0,1,1,0,0.6,high
REQ-11319,flood,6,2.03,1,1,0,1,64.6,critical
REQ-11320,cyclone,114,6.47,0,1,0,0,70.0,critical
REQ-11321,landslide,2,4.89,0,0,0,1,13.7,medium
REQ-11322,flood,2,1.36,0,1,1,1,1.0,high
REQ-11323,earthquake,3,1.22,0,1,1,1,14.5,high
REQ-11324,landslide,1,6.68,0,1,1,0,1.1,medium
REQ-11325,cyclone,2,4.57,0,1,1,0,36.0,high
REQ-11326,landslide,13,8.26,0,0,1,0,60.6,high
REQ-11327,flood,15,9.73,1,0,1,0,23.9,critical
REQ-11328,flood,96,8.51,1,1,1,0,56.7,critical
REQ-11329,cyclone,3,3.24,0,0,1,0,33.1,medium
REQ-11330,tsunami,9,4.6,1,1,0,0,19.8,critical
REQ-11331,wildfire,2,3.8,1,0,1,0,58.8,high
REQ-11332,landslide,1,2.6,0,1,0,0,35.3,medium
REQ-11333,wildfire,15,9.81,1,1,0,0,63.2,critical
REQ-11334,flood,34,6.85,1,1,0,0,34.6,critical
REQ-11335,landslide,6,6.24,1,1,0,1,42.8,critical
REQ-11336,landslide,47,2.7,0,1,0,0,67.7,high
REQ-11337,wildfire,176,9.89,0,1,0,1,63.5,critical
REQ-11338,wildfire,1,7.88,0,0,1,0,19.6,medium
REQ-11339,tsunami,7,4.18,1,1,1,0,6.2,critical
REQ-11340,tsunami,6,1.12,1,1,1,1,37.6,critical
REQ-11341,cyclone,10,7.87,0,1,1,0,0.2,high
REQ-11342,cyclone,34,1.5,0,1,1,0,53.0,high
REQ-11343,flood,2,1.72,0,1,0,1,41.3,high
REQ-11344,wildfire,108,2.8,0,1,1,1,68.5,critical
REQ-11345,landslide,2,3.35,0,1,1,0,63.9,high
REQ-11346,wildfire,7,8.89,0,1,0,0,67.6,high
REQ-11347,landslide,3,5.96,1,0,0,0,70.4,high
REQ-11348,landslide,6,5.98,0,1,1,0,30.0,high
REQ-11349,earthquake,4,7.92,0,1,0,0,52.4,high
REQ-11350,flood,5,3.8,0,1,0,0,7.1,medium
REQ-11351,wildfire,169,8.74,1,1,1,1,70.6,critical
REQ-11352,landslide,5,8.73,0,0,1,0,34.8,high
REQ-11353,earthquake,5,1.91,0,1,1,0,1.9,medium
REQ-11354,flood,40,6.04,1,1,1,1,25.0,critical
REQ-11355,earthquake,3,6.37,0,1,1,0,38.6,high
REQ-11356,tsunami,48,9.88,0,1,1,1,61.7,critical
REQ-11357,wildfire,5,8.25,0,1,1,0,32.1,high
REQ-11358,flood,2,9.97,0,1,0,0,31.3,high
REQ-11359,wildfire,4,2.59,0,0,0,0,62.6,low
REQ-11360,earthquake,46,1.03,0,1,1,0,25.0,critical
REQ-11361,flood,34,9.82,0,1,0,0,22.8,critical
REQ-11362,tsunami,1,8.15,0,1,0,0,54.0,high
REQ-11363,earthquake,4,8.68,1,1,1,0,56.9,critical
REQ-11364,landslide,2,4.65,0,1,1,0,34.2,high
REQ-11365,tsunami,17,3.84,1,1,0,1,32.9,critical
REQ-11366,flood,8,1.11,0,0,1,0,34.5,medium
REQ-11367,earthquake,15,2.47,1,0,0,0,2.7,critical
REQ-11368,tsunami,95,4.89,0,1,1,1,67.5,critical
REQ-11369,tsunami,5,2.91,1,0,0,0,56.8,high
REQ-11370,tsunami,24,7.99,1,0,1,1,38.7,critical
REQ-11371,tsunami,15,1.9,0,0,1,0,15.7,medium
REQ-11372,earthquake,30,4.64,1,0,0,0,18.5,critical
REQ-11373,tsunami,1,3.51,0,1,1,0,59.1,high
REQ-11374,cyclone,43,7.13,0,0,1,1,35.4,critical
REQ-11375,flood,46,7.28,0,0,0,0,38.9,high
REQ-11376,cyclone,3,6.15,0,0,1,1,29.4,high
REQ-11377,landslide,6,4.79,1,1,0,1,28.2,critical
REQ-11378,landslide,7,7.6,0,1,1,1,28.4,critical
REQ-11379,cyclone,1,2.42,1,1,1,0,63.9,critical
REQ-11380,earthquake,31,7.56,0,0,1,1,66.5,critical
REQ-11381,tsunami,3,2.46,0,0,1,1,8.9,high
REQ-11382,landslide,1,9.45,0,0,0,0,16.7,medium
REQ-11383,wildfire,228,6.08,1,1,1,1,23.3,critical
REQ-11384,cyclone,66,3.38,0,1,1,0,53.4,critical
REQ-11385,flood,1,4.54,0,1,1,0,63.5,high
REQ-11386,flood,13,7.97,1,0,0,0,56.0,critical
REQ-11387,wildfire,13,4.33,0,1,1,0,45.6,high
REQ-11388,landslide,2,3.07,0,0,1,0,18.6,low
REQ-11389,earthquake,46,8.46,0,1,1,1,3.2,critical
REQ-11390,flood,3,7.63,0,1,1,1,64.1,critical
REQ-11391,landslide,6,8.18,0,0,0,0,22.4,medium
REQ-11392,wildfire,1,8.02,0,1,1,1,63.4,critical
REQ-11393,cyclone,1,7.58,0,1,1,0,13.1,high
REQ-11394,landslide,4,7.63,1,0,0,0,0.6,high
REQ-11395,landslide,1,7.13,1,1,0,1,35.2,critical
REQ-11396,cyclone,30,9.59,1,0,0,0,5.6,critical
REQ-11397,wildfire,1,3.0,0,0,1,1,43.5,high
REQ-11398,flood,1,9.11,0,0,1,1,31.5,high
REQ-11399,flood,3,3.19,0,1,1,0,33.1,high
REQ-11400,cyclone,34,3.02,0,1,0,1,59.2,critical
REQ-11401,earthquake,46,5.74,0,0,1,0,57.3,critical
REQ-11402,flood,14,4.26,1,0,1,0,11.6,critical
REQ-11403,cyclone,1,9.41,1,1,0,0,67.4,critical
REQ-11404,earthquake,1,8.88,1,1,0,1,16.0,critical
REQ-11405,landslide,2,6.86,1,0,0,1,22.9,critical
REQ-11406,flood,15,3.44,0,1,0,1,22.1,high
REQ-11407,wildfire,13,1.84,0,0,0,0,23.7,low
REQ-11408,tsunami,8,8.45,1,1,1,0,37.1,critical
REQ-11409,cyclone,1,8.39,0,1,0,0,64.7,high
REQ-11410,tsunami,11,4.77,0,1,1,0,14.9,high
REQ-11411,wildfire,4,4.25,0,1,1,0,27.5,high
REQ-11412,cyclone,44,9.66,0,1,1,1,54.3,critical
REQ-11413,wildfire,9,8.0,0,0,1,1,8.3,high
REQ-11414,wildfire,20,2.46,1,0,1,0,69.1,critical
REQ-11415,tsunami,32,2.18,0,1,1,0,38.7,critical
REQ-11416,wildfire,3,6.63,0,0,0,0,55.7,medium
REQ-11417,tsunami,2,1.06,0,1,0,1,61.8,high
REQ-11418,landslide,28,8.37,0,1,0,1,68.2,critical
REQ-11419,tsunami,26,1.72,1,1,0,1,66.6,critical
REQ-11420,landslide,11,1.62,0,1,0,0,50.4,medium
REQ-11421,flood,36,9.19,1,0,0,0,18.4,critical
REQ-11422,earthquake,15,3.58,0,0,0,0,70.2,medium
REQ-11423,cyclone,8,2.1,0,1,1,0,33.3,high
REQ-11424,landslide,13,4.39,0,0,0,0,43.7,medium
REQ-11425,flood,4,4.18,0,0,1,1,50.3,high
REQ-11426,cyclone,7,7.56,0,1,1,1,56.3,critical
REQ-11427,flood,1,1.96,0,0,0,0,13.5,low
REQ-11428,flood,4,2.38,1,1,1,0,20.1,critical
REQ-11429,tsunami,2,2.75,0,1,1,1,23.6,critical
REQ-11430,wildfire,200,8.48,1,1,0,0,30.9,critical
REQ-11431,landslide,1,7.68,0,0,0,1,15.9,medium
REQ-11432,flood,3,3.62,0,0,0,0,71.6,medium
REQ-11433,earthquake,6,7.07,0,1,1,1,34.2,critical
REQ-11434,earthquake,8,3.06,0,1,1,1,57.4,critical
REQ-11435,cyclone,3,9.17,1,1,0,1,40.0,critical
REQ-11436,cyclone,9,2.71,1,1,0,0,54.0,critical
REQ-11437,tsunami,3,2.92,0,1,0,0,2.1,medium
REQ-11438,landslide,12,4.6,0,1,1,1,4.6,high
REQ-11439,wildfire,6,8.24,0,0,1,0,42.1,medium
REQ-11440,flood,36,2.01,0,1,1,0,17.0,high
REQ-11441,tsunami,143,7.51,0,0,1,1,9.9,critical
REQ-11442,landslide,11,9.0,1,1,1,1,63.3,critical
REQ-11443,flood,36,6.8,1,1,1,1,36.9,critical
REQ-11444,tsunami,3,1.05,0,0,1,0,61.8,medium
REQ-11445,wildfire,10,9.38,0,0,1,0,64.5,high
REQ-11446,cyclone,5,6.83,1,1,0,1,3.1,critical
REQ-11447,tsunami,3,3.1,0,0,1,0,18.4,medium
REQ-11448,earthquake,3,2.13,1,1,1,0,43.7,critical
REQ-11449,flood,1,8.07,1,0,1,0,55.2,critical
REQ-11450,flood,5,6.94,1,1,0,0,60.9,critical
REQ-11451,cyclone,3,6.35,1,1,1,0,60.4,critical
REQ-11452,landslide,86,9.5,0,1,0,1,61.3,critical
REQ-11453,landslide,21,9.29,0,0,0,0,53.3,high
REQ-11454,flood,31,8.63,1,1,0,0,27.0,critical
REQ-11455,flood,4,2.12,0,1,0,1,56.7,high
REQ-11456,flood,9,7.84,0,0,1,0,32.8,high
REQ-11457,earthquake,6,3.99,1,1,0,0,6.0,critical
REQ-11458,landslide,3,7.42,1,1,0,0,55.4,critical
REQ-11459,cyclone,36,4.46,0,0,1,0,11.8,high
REQ-11460,tsunami,2,1.22,1,1,0,0,59.6,high
REQ-11461,landslide,73,2.37,1,1,1,0,55.1,critical
REQ-11462,wildfire,4,1.02,0,0,0,0,46.8,low
REQ-11463,wildfire,12,3.63,0,1,0,0,23.4,medium
REQ-11464,flood,3,4.21,1,0,1,1,24.5,critical
REQ-11465,flood,14,2.81,0,1,1,1,70.1,critical
REQ-11466,flood,11,8.82,1,1,1,0,18.8,critical
REQ-11467,landslide,4,8.04,0,1,1,1,25.7,critical
REQ-11468,landslide,1,8.28,0,0,0,0,64.4,medium
REQ-11469,wildfire,42,5.09,1,1,0,0,64.9,critical
REQ-11470,tsunami,3,7.5,0,1,1,0,38.5,high
REQ-11471,landslide,5,6.26,1,0,0,1,15.4,critical
REQ-11472,cyclone,6,2.52,1,0,1,0,69.9,high
REQ-11473,cyclone,7,1.31,1,0,1,1,9.1,critical
REQ-11474,cyclone,9,7.1,0,1,1,1,38.7,critical
REQ-11475,tsunami,1,1.36,0,1,0,1,59.2,high
REQ-11476,tsunami,9,3.25,0,1,1,1,37.6,critical
REQ-11477,wildfire,2,1.07,0,1,0,0,46.7,medium
REQ-11478,landslide,32,5.19,0,1,1,1,56.1,critical
REQ-11479,flood,3,1.38,0,0,0,0,65.4,medium
REQ-11480,wildfire,265,3.56,0,0,1,0,41.0,high
REQ-11481,cyclone,1,6.55,0,1,0,1,56.9,high
REQ-11482,wildfire,6,9.99,0,1,1,1,13.7,critical
REQ-11483,wildfire,3,1.79,0,1,0,1,5.2,medium
REQ-11484,tsunami,4,2.25,0,1,0,1,40.9,high
REQ-11485,cyclone,15,5.06,0,1,0,1,8.4,high
REQ-11486,cyclone,6,7.71,1,1,0,0,31.5,critical
REQ-11487,cyclone,7,4.68,1,0,0,0,57.9,high
REQ-11488,earthquake,2,1.33,0,0,1,0,4.0,medium
REQ-11489,earthquake,14,3.54,0,1,1,1,50.5,critical
REQ-11490,earthquake,3,6.47,0,0,1,0,49.6,high
REQ-11491,cyclone,8,7.62,1,1,1,0,23.9,critical
REQ-11492,tsunami,48,5.61,1,1,1,1,63.2,critical
REQ-11493,wildfire,2,9.93,1,0,0,0,43.7,high
REQ-11494,landslide,13,2.77,0,0,1,0,46.3,medium
REQ-11495,earthquake,12,4.14,1,1,1,0,28.4,critical
REQ-11496,flood,38,9.68,0,0,0,0,51.9,high
REQ-11497,landslide,8,6.79,0,1,1,0,41.6,high
REQ-11498,earthquake,3,2.99,1,0,1,0,71.5,critical
REQ-11499,flood,10,7.16,0,0,1,1,20.9,high
REQ-11500,landslide,2,2.25,0,1,1,1,68.3,high
